mode: set
github.com/chiyutianyi/grpcfuse/example/client/client.go:36.13,42.21 6 0
github.com/chiyutianyi/grpcfuse/example/client/client.go:42.21,44.3 1 0
github.com/chiyutianyi/grpcfuse/example/client/client.go:46.2,52.16 6 0
github.com/chiyutianyi/grpcfuse/example/client/client.go:52.16,54.3 1 0
github.com/chiyutianyi/grpcfuse/example/client/client.go:55.2,71.30 16 0
github.com/chiyutianyi/grpcfuse/example/client/client.go:71.30,75.3 3 0
github.com/chiyutianyi/grpcfuse/example/client/client.go:76.2,76.9 1 0
github.com/chiyutianyi/grpcfuse/example/client/client.go:76.9,78.3 1 0
github.com/chiyutianyi/grpcfuse/example/client/client.go:80.2,81.16 2 0
github.com/chiyutianyi/grpcfuse/example/client/client.go:81.16,83.3 1 0
github.com/chiyutianyi/grpcfuse/example/client/client.go:85.2,90.18 5 0
github.com/chiyutianyi/grpcfuse/example/client/client.go:90.18,92.17 2 0
github.com/chiyutianyi/grpcfuse/example/client/client.go:92.17,94.4 1 0
github.com/chiyutianyi/grpcfuse/example/client/client.go:94.9,97.4 2 0
github.com/chiyutianyi/grpcfuse/example/loopback/server.go:42.13,50.21 7 0
github.com/chiyutianyi/grpcfuse/example/loopback/server.go:50.21,52.3 1 0
github.com/chiyutianyi/grpcfuse/example/loopback/server.go:54.2,58.16 4 0
github.com/chiyutianyi/grpcfuse/example/loopback/server.go:58.16,60.3 1 0
github.com/chiyutianyi/grpcfuse/example/loopback/server.go:62.2,80.16 6 0
github.com/chiyutianyi/grpcfuse/example/loopback/server.go:80.16,82.3 1 0
github.com/chiyutianyi/grpcfuse/example/loopback/server.go:84.2,93.21 5 0
github.com/chiyutianyi/grpcfuse/example/loopback/server.go:93.21,96.3 1 0
github.com/chiyutianyi/grpcfuse/example/loopback/server.go:97.2,97.9 1 0
github.com/chiyutianyi/grpcfuse/example/loopback/server.go:97.9,99.3 1 0
github.com/chiyutianyi/grpcfuse/example/loopback/server.go:101.2,107.13 4 0
github.com/chiyutianyi/grpcfuse/example/loopback/server.go:107.13,109.3 1 0
github.com/chiyutianyi/grpcfuse/example/loopback/server.go:111.2,123.18 9 0
github.com/chiyutianyi/grpcfuse/example/loopback/server.go:123.18,127.3 3 0
github.com/chiyutianyi/grpcfuse/mock/client_mock.go:30.83,34.2 3 0
github.com/chiyutianyi/grpcfuse/mock/client_mock.go:37.81,39.2 1 0
github.com/chiyutianyi/grpcfuse/mock/client_mock.go:42.138,45.25 3 0
github.com/chiyutianyi/grpcfuse/mock/client_mock.go:45.25,47.3 1 0
github.com/chiyutianyi/grpcfuse/mock/client_mock.go:48.2,51.19 4 0
github.com/chiyutianyi/grpcfuse/mock/client_mock.go:55.110,59.2 3 0
github.com/chiyutianyi/grpcfuse/mock/client_mock.go:62.159,65.25 3 0
github.com/chiyutianyi/grpcfuse/mock/client_mock.go:65.25,67.3 1 0
github.com/chiyutianyi/grpcfuse/mock/client_mock.go:68.2,71.19 4 0
github.com/chiyutianyi/grpcfuse/mock/client_mock.go:75.117,79.2 3 0
github.com/chiyutianyi/grpcfuse/mock/client_mock.go:82.138,85.25 3 0
github.com/chiyutianyi/grpcfuse/mock/client_mock.go:85.25,87.3 1 0
github.com/chiyutianyi/grpcfuse/mock/client_mock.go:88.2,91.19 4 0
github.com/chiyutianyi/grpcfuse/mock/client_mock.go:95.110,99.2 3 0
github.com/chiyutianyi/grpcfuse/mock/client_mock.go:102.147,105.25 3 0
github.com/chiyutianyi/grpcfuse/mock/client_mock.go:105.25,107.3 1 0
github.com/chiyutianyi/grpcfuse/mock/client_mock.go:108.2,111.19 4 0
github.com/chiyutianyi/grpcfuse/mock/client_mock.go:115.113,119.2 3 0
github.com/chiyutianyi/grpcfuse/mock/client_mock.go:122.135,125.25 3 0
github.com/chiyutianyi/grpcfuse/mock/client_mock.go:125.25,127.3 1 0
github.com/chiyutianyi/grpcfuse/mock/client_mock.go:128.2,131.19 4 0
github.com/chiyutianyi/grpcfuse/mock/client_mock.go:135.109,139.2 3 0
github.com/chiyutianyi/grpcfuse/mock/client_mock.go:142.134,145.25 3 0
github.com/chiyutianyi/grpcfuse/mock/client_mock.go:145.25,147.3 1 0
github.com/chiyutianyi/grpcfuse/mock/client_mock.go:148.2,151.19 4 0
github.com/chiyutianyi/grpcfuse/mock/client_mock.go:155.110,159.2 3 0
github.com/chiyutianyi/grpcfuse/mock/client_mock.go:162.135,165.25 3 0
github.com/chiyutianyi/grpcfuse/mock/client_mock.go:165.25,167.3 1 0
github.com/chiyutianyi/grpcfuse/mock/client_mock.go:168.2,171.19 4 0
github.com/chiyutianyi/grpcfuse/mock/client_mock.go:175.109,179.2 3 0
github.com/chiyutianyi/grpcfuse/mock/client_mock.go:182.138,185.25 3 0
github.com/chiyutianyi/grpcfuse/mock/client_mock.go:185.25,187.3 1 0
github.com/chiyutianyi/grpcfuse/mock/client_mock.go:188.2,191.19 4 0
github.com/chiyutianyi/grpcfuse/mock/client_mock.go:195.112,199.2 3 0
github.com/chiyutianyi/grpcfuse/mock/client_mock.go:202.141,205.25 3 0
github.com/chiyutianyi/grpcfuse/mock/client_mock.go:205.25,207.3 1 0
github.com/chiyutianyi/grpcfuse/mock/client_mock.go:208.2,211.19 4 0
github.com/chiyutianyi/grpcfuse/mock/client_mock.go:215.111,219.2 3 0
github.com/chiyutianyi/grpcfuse/mock/client_mock.go:222.132,225.25 3 0
github.com/chiyutianyi/grpcfuse/mock/client_mock.go:225.25,227.3 1 0
github.com/chiyutianyi/grpcfuse/mock/client_mock.go:228.2,231.19 4 0
github.com/chiyutianyi/grpcfuse/mock/client_mock.go:235.109,239.2 3 0
github.com/chiyutianyi/grpcfuse/mock/client_mock.go:242.144,245.25 3 0
github.com/chiyutianyi/grpcfuse/mock/client_mock.go:245.25,247.3 1 0
github.com/chiyutianyi/grpcfuse/mock/client_mock.go:248.2,251.19 4 0
github.com/chiyutianyi/grpcfuse/mock/client_mock.go:255.112,259.2 3 0
github.com/chiyutianyi/grpcfuse/mock/client_mock.go:262.132,265.25 3 0
github.com/chiyutianyi/grpcfuse/mock/client_mock.go:265.25,267.3 1 0
github.com/chiyutianyi/grpcfuse/mock/client_mock.go:268.2,271.19 4 0
github.com/chiyutianyi/grpcfuse/mock/client_mock.go:275.108,279.2 3 0
github.com/chiyutianyi/grpcfuse/mock/client_mock.go:282.147,285.25 3 0
github.com/chiyutianyi/grpcfuse/mock/client_mock.go:285.25,287.3 1 0
github.com/chiyutianyi/grpcfuse/mock/client_mock.go:288.2,291.19 4 0
github.com/chiyutianyi/grpcfuse/mock/client_mock.go:295.113,299.2 3 0
github.com/chiyutianyi/grpcfuse/mock/client_mock.go:302.138,305.25 3 0
github.com/chiyutianyi/grpcfuse/mock/client_mock.go:305.25,307.3 1 0
github.com/chiyutianyi/grpcfuse/mock/client_mock.go:308.2,311.19 4 0
github.com/chiyutianyi/grpcfuse/mock/client_mock.go:315.110,319.2 3 0
github.com/chiyutianyi/grpcfuse/mock/client_mock.go:322.135,325.25 3 0
github.com/chiyutianyi/grpcfuse/mock/client_mock.go:325.25,327.3 1 0
github.com/chiyutianyi/grpcfuse/mock/client_mock.go:328.2,331.19 4 0
github.com/chiyutianyi/grpcfuse/mock/client_mock.go:335.109,339.2 3 0
github.com/chiyutianyi/grpcfuse/mock/client_mock.go:342.135,345.25 3 0
github.com/chiyutianyi/grpcfuse/mock/client_mock.go:345.25,347.3 1 0
github.com/chiyutianyi/grpcfuse/mock/client_mock.go:348.2,351.19 4 0
github.com/chiyutianyi/grpcfuse/mock/client_mock.go:355.109,359.2 3 0
github.com/chiyutianyi/grpcfuse/mock/client_mock.go:362.135,365.25 3 0
github.com/chiyutianyi/grpcfuse/mock/client_mock.go:365.25,367.3 1 0
github.com/chiyutianyi/grpcfuse/mock/client_mock.go:368.2,371.19 4 0
github.com/chiyutianyi/grpcfuse/mock/client_mock.go:375.109,379.2 3 0
github.com/chiyutianyi/grpcfuse/mock/client_mock.go:382.132,385.25 3 0
github.com/chiyutianyi/grpcfuse/mock/client_mock.go:385.25,387.3 1 0
github.com/chiyutianyi/grpcfuse/mock/client_mock.go:388.2,391.19 4 0
github.com/chiyutianyi/grpcfuse/mock/client_mock.go:395.108,399.2 3 0
github.com/chiyutianyi/grpcfuse/mock/client_mock.go:402.141,405.25 3 0
github.com/chiyutianyi/grpcfuse/mock/client_mock.go:405.25,407.3 1 0
github.com/chiyutianyi/grpcfuse/mock/client_mock.go:408.2,411.19 4 0
github.com/chiyutianyi/grpcfuse/mock/client_mock.go:415.111,419.2 3 0
github.com/chiyutianyi/grpcfuse/mock/client_mock.go:422.143,425.25 3 0
github.com/chiyutianyi/grpcfuse/mock/client_mock.go:425.25,427.3 1 0
github.com/chiyutianyi/grpcfuse/mock/client_mock.go:428.2,431.19 4 0
github.com/chiyutianyi/grpcfuse/mock/client_mock.go:435.108,439.2 3 0
github.com/chiyutianyi/grpcfuse/mock/client_mock.go:442.152,445.25 3 0
github.com/chiyutianyi/grpcfuse/mock/client_mock.go:445.25,447.3 1 0
github.com/chiyutianyi/grpcfuse/mock/client_mock.go:448.2,451.19 4 0
github.com/chiyutianyi/grpcfuse/mock/client_mock.go:455.111,459.2 3 0
github.com/chiyutianyi/grpcfuse/mock/client_mock.go:462.160,465.25 3 0
github.com/chiyutianyi/grpcfuse/mock/client_mock.go:465.25,467.3 1 0
github.com/chiyutianyi/grpcfuse/mock/client_mock.go:468.2,471.19 4 0
github.com/chiyutianyi/grpcfuse/mock/client_mock.go:475.115,479.2 3 0
github.com/chiyutianyi/grpcfuse/mock/client_mock.go:482.144,485.25 3 0
github.com/chiyutianyi/grpcfuse/mock/client_mock.go:485.25,487.3 1 0
github.com/chiyutianyi/grpcfuse/mock/client_mock.go:488.2,491.19 4 0
github.com/chiyutianyi/grpcfuse/mock/client_mock.go:495.112,499.2 3 0
github.com/chiyutianyi/grpcfuse/mock/client_mock.go:502.136,505.25 3 0
github.com/chiyutianyi/grpcfuse/mock/client_mock.go:505.25,507.3 1 0
github.com/chiyutianyi/grpcfuse/mock/client_mock.go:508.2,511.19 4 0
github.com/chiyutianyi/grpcfuse/mock/client_mock.go:515.111,519.2 3 0
github.com/chiyutianyi/grpcfuse/mock/client_mock.go:522.139,525.25 3 0
github.com/chiyutianyi/grpcfuse/mock/client_mock.go:525.25,527.3 1 0
github.com/chiyutianyi/grpcfuse/mock/client_mock.go:528.2,531.19 4 0
github.com/chiyutianyi/grpcfuse/mock/client_mock.go:535.114,539.2 3 0
github.com/chiyutianyi/grpcfuse/mock/client_mock.go:542.153,545.25 3 0
github.com/chiyutianyi/grpcfuse/mock/client_mock.go:545.25,547.3 1 0
github.com/chiyutianyi/grpcfuse/mock/client_mock.go:548.2,551.19 4 0
github.com/chiyutianyi/grpcfuse/mock/client_mock.go:555.115,559.2 3 0
github.com/chiyutianyi/grpcfuse/mock/client_mock.go:562.138,565.25 3 0
github.com/chiyutianyi/grpcfuse/mock/client_mock.go:565.25,567.3 1 0
github.com/chiyutianyi/grpcfuse/mock/client_mock.go:568.2,571.19 4 0
github.com/chiyutianyi/grpcfuse/mock/client_mock.go:575.110,579.2 3 0
github.com/chiyutianyi/grpcfuse/mock/client_mock.go:582.135,585.25 3 0
github.com/chiyutianyi/grpcfuse/mock/client_mock.go:585.25,587.3 1 0
github.com/chiyutianyi/grpcfuse/mock/client_mock.go:588.2,591.19 4 0
github.com/chiyutianyi/grpcfuse/mock/client_mock.go:595.109,599.2 3 0
github.com/chiyutianyi/grpcfuse/mock/client_mock.go:602.141,605.25 3 0
github.com/chiyutianyi/grpcfuse/mock/client_mock.go:605.25,607.3 1 0
github.com/chiyutianyi/grpcfuse/mock/client_mock.go:608.2,611.19 4 0
github.com/chiyutianyi/grpcfuse/mock/client_mock.go:615.111,619.2 3 0
github.com/chiyutianyi/grpcfuse/mock/client_mock.go:622.132,625.25 3 0
github.com/chiyutianyi/grpcfuse/mock/client_mock.go:625.25,627.3 1 0
github.com/chiyutianyi/grpcfuse/mock/client_mock.go:628.2,631.19 4 0
github.com/chiyutianyi/grpcfuse/mock/client_mock.go:635.109,639.2 3 0
github.com/chiyutianyi/grpcfuse/mock/client_mock.go:642.133,645.25 3 0
github.com/chiyutianyi/grpcfuse/mock/client_mock.go:645.25,647.3 1 0
github.com/chiyutianyi/grpcfuse/mock/client_mock.go:648.2,651.19 4 0
github.com/chiyutianyi/grpcfuse/mock/client_mock.go:655.110,659.2 3 0
github.com/chiyutianyi/grpcfuse/mock/client_mock.go:662.144,665.25 3 0
github.com/chiyutianyi/grpcfuse/mock/client_mock.go:665.25,667.3 1 0
github.com/chiyutianyi/grpcfuse/mock/client_mock.go:668.2,671.19 4 0
github.com/chiyutianyi/grpcfuse/mock/client_mock.go:675.112,679.2 3 0
github.com/chiyutianyi/grpcfuse/mock/client_mock.go:682.138,685.25 3 0
github.com/chiyutianyi/grpcfuse/mock/client_mock.go:685.25,687.3 1 0
github.com/chiyutianyi/grpcfuse/mock/client_mock.go:688.2,691.19 4 0
github.com/chiyutianyi/grpcfuse/mock/client_mock.go:695.110,699.2 3 0
github.com/chiyutianyi/grpcfuse/mock/client_mock.go:702.138,705.25 3 0
github.com/chiyutianyi/grpcfuse/mock/client_mock.go:705.25,707.3 1 0
github.com/chiyutianyi/grpcfuse/mock/client_mock.go:708.2,711.19 4 0
github.com/chiyutianyi/grpcfuse/mock/client_mock.go:715.110,719.2 3 0
github.com/chiyutianyi/grpcfuse/mock/client_mock.go:722.141,725.25 3 0
github.com/chiyutianyi/grpcfuse/mock/client_mock.go:725.25,727.3 1 0
github.com/chiyutianyi/grpcfuse/mock/client_mock.go:728.2,731.19 4 0
github.com/chiyutianyi/grpcfuse/mock/client_mock.go:735.111,739.2 3 0
github.com/chiyutianyi/grpcfuse/mock/client_mock.go:742.138,745.25 3 0
github.com/chiyutianyi/grpcfuse/mock/client_mock.go:745.25,747.3 1 0
github.com/chiyutianyi/grpcfuse/mock/client_mock.go:748.2,751.19 4 0
github.com/chiyutianyi/grpcfuse/mock/client_mock.go:755.110,759.2 3 0
github.com/chiyutianyi/grpcfuse/mock/client_mock.go:762.135,765.25 3 0
github.com/chiyutianyi/grpcfuse/mock/client_mock.go:765.25,767.3 1 0
github.com/chiyutianyi/grpcfuse/mock/client_mock.go:768.2,771.19 4 0
github.com/chiyutianyi/grpcfuse/mock/client_mock.go:775.109,779.2 3 0
github.com/chiyutianyi/grpcfuse/mock/client_mock.go:793.93,797.2 3 0
github.com/chiyutianyi/grpcfuse/mock/client_mock.go:800.91,802.2 1 0
github.com/chiyutianyi/grpcfuse/mock/client_mock.go:805.58,810.2 4 0
github.com/chiyutianyi/grpcfuse/mock/client_mock.go:813.78,816.2 2 0
github.com/chiyutianyi/grpcfuse/mock/client_mock.go:819.66,824.2 4 0
github.com/chiyutianyi/grpcfuse/mock/client_mock.go:827.76,830.2 2 0
github.com/chiyutianyi/grpcfuse/mock/client_mock.go:833.70,839.2 5 0
github.com/chiyutianyi/grpcfuse/mock/client_mock.go:842.75,845.2 2 0
github.com/chiyutianyi/grpcfuse/mock/client_mock.go:848.73,854.2 5 0
github.com/chiyutianyi/grpcfuse/mock/client_mock.go:857.73,860.2 2 0
github.com/chiyutianyi/grpcfuse/mock/client_mock.go:863.71,868.2 4 0
github.com/chiyutianyi/grpcfuse/mock/client_mock.go:871.89,874.2 2 0
github.com/chiyutianyi/grpcfuse/mock/client_mock.go:877.71,882.2 4 0
github.com/chiyutianyi/grpcfuse/mock/client_mock.go:885.89,888.2 2 0
github.com/chiyutianyi/grpcfuse/mock/client_mock.go:891.62,896.2 4 0
github.com/chiyutianyi/grpcfuse/mock/client_mock.go:899.76,902.2 2 0
github.com/chiyutianyi/grpcfuse/mock/client_mock.go:916.99,920.2 3 0
github.com/chiyutianyi/grpcfuse/mock/client_mock.go:923.97,925.2 1 0
github.com/chiyutianyi/grpcfuse/mock/client_mock.go:928.61,933.2 4 0
github.com/chiyutianyi/grpcfuse/mock/client_mock.go:936.81,939.2 2 0
github.com/chiyutianyi/grpcfuse/mock/client_mock.go:942.69,947.2 4 0
github.com/chiyutianyi/grpcfuse/mock/client_mock.go:950.79,953.2 2 0
github.com/chiyutianyi/grpcfuse/mock/client_mock.go:956.73,962.2 5 0
github.com/chiyutianyi/grpcfuse/mock/client_mock.go:965.78,968.2 2 0
github.com/chiyutianyi/grpcfuse/mock/client_mock.go:971.79,977.2 5 0
github.com/chiyutianyi/grpcfuse/mock/client_mock.go:980.76,983.2 2 0
github.com/chiyutianyi/grpcfuse/mock/client_mock.go:986.74,991.2 4 0
github.com/chiyutianyi/grpcfuse/mock/client_mock.go:994.92,997.2 2 0
github.com/chiyutianyi/grpcfuse/mock/client_mock.go:1000.74,1005.2 4 0
github.com/chiyutianyi/grpcfuse/mock/client_mock.go:1008.92,1011.2 2 0
github.com/chiyutianyi/grpcfuse/mock/client_mock.go:1014.65,1019.2 4 0
github.com/chiyutianyi/grpcfuse/mock/client_mock.go:1022.79,1025.2 2 0
github.com/chiyutianyi/grpcfuse/mock/client_mock.go:1039.107,1043.2 3 0
github.com/chiyutianyi/grpcfuse/mock/client_mock.go:1046.105,1048.2 1 0
github.com/chiyutianyi/grpcfuse/mock/client_mock.go:1051.65,1056.2 4 0
github.com/chiyutianyi/grpcfuse/mock/client_mock.go:1059.85,1062.2 2 0
github.com/chiyutianyi/grpcfuse/mock/client_mock.go:1065.73,1070.2 4 0
github.com/chiyutianyi/grpcfuse/mock/client_mock.go:1073.83,1076.2 2 0
github.com/chiyutianyi/grpcfuse/mock/client_mock.go:1079.77,1085.2 5 0
github.com/chiyutianyi/grpcfuse/mock/client_mock.go:1088.82,1091.2 2 0
github.com/chiyutianyi/grpcfuse/mock/client_mock.go:1094.83,1100.2 5 0
github.com/chiyutianyi/grpcfuse/mock/client_mock.go:1103.80,1106.2 2 0
github.com/chiyutianyi/grpcfuse/mock/client_mock.go:1109.78,1114.2 4 0
github.com/chiyutianyi/grpcfuse/mock/client_mock.go:1117.96,1120.2 2 0
github.com/chiyutianyi/grpcfuse/mock/client_mock.go:1123.78,1128.2 4 0
github.com/chiyutianyi/grpcfuse/mock/client_mock.go:1131.96,1134.2 2 0
github.com/chiyutianyi/grpcfuse/mock/client_mock.go:1137.69,1142.2 4 0
github.com/chiyutianyi/grpcfuse/mock/client_mock.go:1145.83,1148.2 2 0
github.com/chiyutianyi/grpcfuse/mock/client_mock.go:1162.83,1166.2 3 0
github.com/chiyutianyi/grpcfuse/mock/client_mock.go:1169.81,1171.2 1 0
github.com/chiyutianyi/grpcfuse/mock/client_mock.go:1174.116,1180.2 5 0
github.com/chiyutianyi/grpcfuse/mock/client_mock.go:1183.92,1186.2 2 0
github.com/chiyutianyi/grpcfuse/mock/client_mock.go:1189.137,1195.2 5 0
github.com/chiyutianyi/grpcfuse/mock/client_mock.go:1198.99,1201.2 2 0
github.com/chiyutianyi/grpcfuse/mock/client_mock.go:1204.116,1210.2 5 0
github.com/chiyutianyi/grpcfuse/mock/client_mock.go:1213.92,1216.2 2 0
github.com/chiyutianyi/grpcfuse/mock/client_mock.go:1219.125,1225.2 5 0
github.com/chiyutianyi/grpcfuse/mock/client_mock.go:1228.95,1231.2 2 0
github.com/chiyutianyi/grpcfuse/mock/client_mock.go:1234.113,1240.2 5 0
github.com/chiyutianyi/grpcfuse/mock/client_mock.go:1243.91,1246.2 2 0
github.com/chiyutianyi/grpcfuse/mock/client_mock.go:1249.112,1255.2 5 0
github.com/chiyutianyi/grpcfuse/mock/client_mock.go:1258.92,1261.2 2 0
github.com/chiyutianyi/grpcfuse/mock/client_mock.go:1264.113,1270.2 5 0
github.com/chiyutianyi/grpcfuse/mock/client_mock.go:1273.91,1276.2 2 0
github.com/chiyutianyi/grpcfuse/mock/client_mock.go:1279.116,1285.2 5 0
github.com/chiyutianyi/grpcfuse/mock/client_mock.go:1288.94,1291.2 2 0
github.com/chiyutianyi/grpcfuse/mock/client_mock.go:1294.119,1300.2 5 0
github.com/chiyutianyi/grpcfuse/mock/client_mock.go:1303.93,1306.2 2 0
github.com/chiyutianyi/grpcfuse/mock/client_mock.go:1309.110,1315.2 5 0
github.com/chiyutianyi/grpcfuse/mock/client_mock.go:1318.91,1321.2 2 0
github.com/chiyutianyi/grpcfuse/mock/client_mock.go:1324.122,1330.2 5 0
github.com/chiyutianyi/grpcfuse/mock/client_mock.go:1333.94,1336.2 2 0
github.com/chiyutianyi/grpcfuse/mock/client_mock.go:1339.110,1345.2 5 0
github.com/chiyutianyi/grpcfuse/mock/client_mock.go:1348.90,1351.2 2 0
github.com/chiyutianyi/grpcfuse/mock/client_mock.go:1354.125,1360.2 5 0
github.com/chiyutianyi/grpcfuse/mock/client_mock.go:1363.95,1366.2 2 0
github.com/chiyutianyi/grpcfuse/mock/client_mock.go:1369.116,1375.2 5 0
github.com/chiyutianyi/grpcfuse/mock/client_mock.go:1378.92,1381.2 2 0
github.com/chiyutianyi/grpcfuse/mock/client_mock.go:1384.113,1390.2 5 0
github.com/chiyutianyi/grpcfuse/mock/client_mock.go:1393.91,1396.2 2 0
github.com/chiyutianyi/grpcfuse/mock/client_mock.go:1399.113,1405.2 5 0
github.com/chiyutianyi/grpcfuse/mock/client_mock.go:1408.91,1411.2 2 0
github.com/chiyutianyi/grpcfuse/mock/client_mock.go:1414.113,1420.2 5 0
github.com/chiyutianyi/grpcfuse/mock/client_mock.go:1423.91,1426.2 2 0
github.com/chiyutianyi/grpcfuse/mock/client_mock.go:1429.110,1435.2 5 0
github.com/chiyutianyi/grpcfuse/mock/client_mock.go:1438.90,1441.2 2 0
github.com/chiyutianyi/grpcfuse/mock/client_mock.go:1444.119,1450.2 5 0
github.com/chiyutianyi/grpcfuse/mock/client_mock.go:1453.93,1456.2 2 0
github.com/chiyutianyi/grpcfuse/mock/client_mock.go:1459.102,1464.2 4 0
github.com/chiyutianyi/grpcfuse/mock/client_mock.go:1467.90,1470.2 2 0
github.com/chiyutianyi/grpcfuse/mock/client_mock.go:1473.111,1478.2 4 0
github.com/chiyutianyi/grpcfuse/mock/client_mock.go:1481.93,1484.2 2 0
github.com/chiyutianyi/grpcfuse/mock/client_mock.go:1487.119,1492.2 4 0
github.com/chiyutianyi/grpcfuse/mock/client_mock.go:1495.97,1498.2 2 0
github.com/chiyutianyi/grpcfuse/mock/client_mock.go:1501.122,1507.2 5 0
github.com/chiyutianyi/grpcfuse/mock/client_mock.go:1510.94,1513.2 2 0
github.com/chiyutianyi/grpcfuse/mock/client_mock.go:1516.114,1522.2 5 0
github.com/chiyutianyi/grpcfuse/mock/client_mock.go:1525.93,1528.2 2 0
github.com/chiyutianyi/grpcfuse/mock/client_mock.go:1531.117,1537.2 5 0
github.com/chiyutianyi/grpcfuse/mock/client_mock.go:1540.96,1543.2 2 0
github.com/chiyutianyi/grpcfuse/mock/client_mock.go:1546.131,1552.2 5 0
github.com/chiyutianyi/grpcfuse/mock/client_mock.go:1555.97,1558.2 2 0
github.com/chiyutianyi/grpcfuse/mock/client_mock.go:1561.116,1567.2 5 0
github.com/chiyutianyi/grpcfuse/mock/client_mock.go:1570.92,1573.2 2 0
github.com/chiyutianyi/grpcfuse/mock/client_mock.go:1576.113,1582.2 5 0
github.com/chiyutianyi/grpcfuse/mock/client_mock.go:1585.91,1588.2 2 0
github.com/chiyutianyi/grpcfuse/mock/client_mock.go:1591.119,1597.2 5 0
github.com/chiyutianyi/grpcfuse/mock/client_mock.go:1600.93,1603.2 2 0
github.com/chiyutianyi/grpcfuse/mock/client_mock.go:1606.110,1612.2 5 0
github.com/chiyutianyi/grpcfuse/mock/client_mock.go:1615.91,1618.2 2 0
github.com/chiyutianyi/grpcfuse/mock/client_mock.go:1621.111,1627.2 5 0
github.com/chiyutianyi/grpcfuse/mock/client_mock.go:1630.92,1633.2 2 0
github.com/chiyutianyi/grpcfuse/mock/client_mock.go:1636.122,1642.2 5 0
github.com/chiyutianyi/grpcfuse/mock/client_mock.go:1645.94,1648.2 2 0
github.com/chiyutianyi/grpcfuse/mock/client_mock.go:1651.116,1657.2 5 0
github.com/chiyutianyi/grpcfuse/mock/client_mock.go:1660.92,1663.2 2 0
github.com/chiyutianyi/grpcfuse/mock/client_mock.go:1666.116,1672.2 5 0
github.com/chiyutianyi/grpcfuse/mock/client_mock.go:1675.92,1678.2 2 0
github.com/chiyutianyi/grpcfuse/mock/client_mock.go:1681.119,1687.2 5 0
github.com/chiyutianyi/grpcfuse/mock/client_mock.go:1690.93,1693.2 2 0
github.com/chiyutianyi/grpcfuse/mock/client_mock.go:1696.116,1702.2 5 0
github.com/chiyutianyi/grpcfuse/mock/client_mock.go:1705.92,1708.2 2 0
github.com/chiyutianyi/grpcfuse/mock/client_mock.go:1711.113,1717.2 5 0
github.com/chiyutianyi/grpcfuse/mock/client_mock.go:1720.91,1723.2 2 0
github.com/chiyutianyi/grpcfuse/mock/client_mock.go:1726.79,1729.2 2 0
github.com/chiyutianyi/grpcfuse/mock/client_mock.go:1732.105,1735.2 2 0
github.com/chiyutianyi/grpcfuse/mock/client_mock.go:1749.95,1753.2 3 0
github.com/chiyutianyi/grpcfuse/mock/client_mock.go:1756.93,1758.2 1 0
github.com/chiyutianyi/grpcfuse/mock/client_mock.go:1761.85,1764.2 2 0
github.com/chiyutianyi/grpcfuse/mock/client_mock.go:1767.111,1770.2 2 0
github.com/chiyutianyi/grpcfuse/mock/client_mock.go:1784.93,1788.2 3 0
github.com/chiyutianyi/grpcfuse/mock/client_mock.go:1791.91,1793.2 1 0
github.com/chiyutianyi/grpcfuse/mock/client_mock.go:1796.66,1801.2 4 0
github.com/chiyutianyi/grpcfuse/mock/client_mock.go:1804.76,1807.2 2 0
github.com/chiyutianyi/grpcfuse/mock/client_mock.go:1810.71,1815.2 4 0
github.com/chiyutianyi/grpcfuse/mock/client_mock.go:1818.89,1821.2 2 0
github.com/chiyutianyi/grpcfuse/mock/client_mock.go:1824.74,1829.2 4 0
github.com/chiyutianyi/grpcfuse/mock/client_mock.go:1832.89,1835.2 2 0
github.com/chiyutianyi/grpcfuse/mock/client_mock.go:1838.75,1843.2 4 0
github.com/chiyutianyi/grpcfuse/mock/client_mock.go:1846.95,1849.2 2 0
github.com/chiyutianyi/grpcfuse/mock/client_mock.go:1852.71,1857.2 4 0
github.com/chiyutianyi/grpcfuse/mock/client_mock.go:1860.89,1863.2 2 0
github.com/chiyutianyi/grpcfuse/mock/client_mock.go:1866.74,1871.2 4 0
github.com/chiyutianyi/grpcfuse/mock/client_mock.go:1874.94,1877.2 2 0
github.com/chiyutianyi/grpcfuse/mock/client_mock.go:1880.69,1883.2 2 0
github.com/chiyutianyi/grpcfuse/mock/client_mock.go:1886.95,1889.2 2 0
github.com/chiyutianyi/grpcfuse/mock/client_mock.go:1903.99,1907.2 3 0
github.com/chiyutianyi/grpcfuse/mock/client_mock.go:1910.97,1912.2 1 0
github.com/chiyutianyi/grpcfuse/mock/client_mock.go:1915.69,1920.2 4 0
github.com/chiyutianyi/grpcfuse/mock/client_mock.go:1923.79,1926.2 2 0
github.com/chiyutianyi/grpcfuse/mock/client_mock.go:1929.74,1934.2 4 0
github.com/chiyutianyi/grpcfuse/mock/client_mock.go:1937.92,1940.2 2 0
github.com/chiyutianyi/grpcfuse/mock/client_mock.go:1943.80,1948.2 4 0
github.com/chiyutianyi/grpcfuse/mock/client_mock.go:1951.92,1954.2 2 0
github.com/chiyutianyi/grpcfuse/mock/client_mock.go:1957.78,1962.2 4 0
github.com/chiyutianyi/grpcfuse/mock/client_mock.go:1965.98,1968.2 2 0
github.com/chiyutianyi/grpcfuse/mock/client_mock.go:1971.74,1976.2 4 0
github.com/chiyutianyi/grpcfuse/mock/client_mock.go:1979.92,1982.2 2 0
github.com/chiyutianyi/grpcfuse/mock/client_mock.go:1985.77,1990.2 4 0
github.com/chiyutianyi/grpcfuse/mock/client_mock.go:1993.97,1996.2 2 0
github.com/chiyutianyi/grpcfuse/mock/client_mock.go:1999.72,2002.2 2 0
github.com/chiyutianyi/grpcfuse/mock/client_mock.go:2005.98,2008.2 2 0
github.com/chiyutianyi/grpcfuse/mock/client_mock.go:2022.107,2026.2 3 0
github.com/chiyutianyi/grpcfuse/mock/client_mock.go:2029.105,2031.2 1 0
github.com/chiyutianyi/grpcfuse/mock/client_mock.go:2034.73,2039.2 4 0
github.com/chiyutianyi/grpcfuse/mock/client_mock.go:2042.83,2045.2 2 0
github.com/chiyutianyi/grpcfuse/mock/client_mock.go:2048.78,2053.2 4 0
github.com/chiyutianyi/grpcfuse/mock/client_mock.go:2056.96,2059.2 2 0
github.com/chiyutianyi/grpcfuse/mock/client_mock.go:2062.84,2067.2 4 0
github.com/chiyutianyi/grpcfuse/mock/client_mock.go:2070.96,2073.2 2 0
github.com/chiyutianyi/grpcfuse/mock/client_mock.go:2076.82,2081.2 4 0
github.com/chiyutianyi/grpcfuse/mock/client_mock.go:2084.102,2087.2 2 0
github.com/chiyutianyi/grpcfuse/mock/client_mock.go:2090.78,2095.2 4 0
github.com/chiyutianyi/grpcfuse/mock/client_mock.go:2098.96,2101.2 2 0
github.com/chiyutianyi/grpcfuse/mock/client_mock.go:2104.81,2109.2 4 0
github.com/chiyutianyi/grpcfuse/mock/client_mock.go:2112.101,2115.2 2 0
github.com/chiyutianyi/grpcfuse/mock/client_mock.go:2118.76,2121.2 2 0
github.com/chiyutianyi/grpcfuse/mock/client_mock.go:2124.102,2127.2 2 0
github.com/chiyutianyi/grpcfuse/mock/fuse_mock.go:26.65,30.2 3 0
github.com/chiyutianyi/grpcfuse/mock/fuse_mock.go:33.63,35.2 1 0
github.com/chiyutianyi/grpcfuse/mock/fuse_mock.go:38.66,44.2 5 0
github.com/chiyutianyi/grpcfuse/mock/fuse_mock.go:47.75,50.2 2 0
github.com/chiyutianyi/grpcfuse/mock/fuse_mock.go:53.33,56.2 2 0
github.com/chiyutianyi/grpcfuse/mock/fuse_mock.go:59.59,62.2 2 0
github.com/chiyutianyi/grpcfuse/mock/fuse_mock.go:65.37,70.2 4 0
github.com/chiyutianyi/grpcfuse/mock/fuse_mock.go:73.59,76.2 2 0
github.com/chiyutianyi/grpcfuse/mock/fuse_mock.go:90.71,94.2 3 0
github.com/chiyutianyi/grpcfuse/mock/fuse_mock.go:97.69,99.2 1 0
github.com/chiyutianyi/grpcfuse/mock/fuse_mock.go:102.94,107.2 4 0
github.com/chiyutianyi/grpcfuse/mock/fuse_mock.go:110.89,113.2 2 0
github.com/chiyutianyi/grpcfuse/mock/fuse_mock.go:116.118,122.2 5 0
github.com/chiyutianyi/grpcfuse/mock/fuse_mock.go:125.96,128.2 2 0
github.com/chiyutianyi/grpcfuse/mock/fuse_mock.go:131.128,136.2 4 0
github.com/chiyutianyi/grpcfuse/mock/fuse_mock.go:139.100,142.2 2 0
github.com/chiyutianyi/grpcfuse/mock/fuse_mock.go:145.100,150.2 4 0
github.com/chiyutianyi/grpcfuse/mock/fuse_mock.go:153.92,156.2 2 0
github.com/chiyutianyi/grpcfuse/mock/fuse_mock.go:159.92,164.2 4 0
github.com/chiyutianyi/grpcfuse/mock/fuse_mock.go:167.88,170.2 2 0
github.com/chiyutianyi/grpcfuse/mock/fuse_mock.go:173.60,176.2 2 0
github.com/chiyutianyi/grpcfuse/mock/fuse_mock.go:179.91,182.2 2 0
github.com/chiyutianyi/grpcfuse/mock/fuse_mock.go:185.92,190.2 4 0
github.com/chiyutianyi/grpcfuse/mock/fuse_mock.go:193.88,196.2 2 0
github.com/chiyutianyi/grpcfuse/mock/fuse_mock.go:199.95,204.2 4 0
github.com/chiyutianyi/grpcfuse/mock/fuse_mock.go:207.91,210.2 2 0
github.com/chiyutianyi/grpcfuse/mock/fuse_mock.go:213.115,218.2 4 0
github.com/chiyutianyi/grpcfuse/mock/fuse_mock.go:221.95,224.2 2 0
github.com/chiyutianyi/grpcfuse/mock/fuse_mock.go:227.106,232.2 4 0
github.com/chiyutianyi/grpcfuse/mock/fuse_mock.go:235.93,238.2 2 0
github.com/chiyutianyi/grpcfuse/mock/fuse_mock.go:241.133,247.2 5 0
github.com/chiyutianyi/grpcfuse/mock/fuse_mock.go:250.104,253.2 2 0
github.com/chiyutianyi/grpcfuse/mock/fuse_mock.go:256.53,259.2 2 0
github.com/chiyutianyi/grpcfuse/mock/fuse_mock.go:262.78,265.2 2 0
github.com/chiyutianyi/grpcfuse/mock/fuse_mock.go:268.127,273.2 4 0
github.com/chiyutianyi/grpcfuse/mock/fuse_mock.go:276.102,279.2 2 0
github.com/chiyutianyi/grpcfuse/mock/fuse_mock.go:282.121,288.2 5 0
github.com/chiyutianyi/grpcfuse/mock/fuse_mock.go:291.99,294.2 2 0
github.com/chiyutianyi/grpcfuse/mock/fuse_mock.go:297.128,302.2 4 0
github.com/chiyutianyi/grpcfuse/mock/fuse_mock.go:305.101,308.2 2 0
github.com/chiyutianyi/grpcfuse/mock/fuse_mock.go:311.109,316.2 4 0
github.com/chiyutianyi/grpcfuse/mock/fuse_mock.go:319.90,322.2 2 0
github.com/chiyutianyi/grpcfuse/mock/fuse_mock.go:325.125,330.2 4 0
github.com/chiyutianyi/grpcfuse/mock/fuse_mock.go:333.99,336.2 2 0
github.com/chiyutianyi/grpcfuse/mock/fuse_mock.go:339.125,344.2 4 0
github.com/chiyutianyi/grpcfuse/mock/fuse_mock.go:347.99,350.2 2 0
github.com/chiyutianyi/grpcfuse/mock/fuse_mock.go:353.109,358.2 4 0
github.com/chiyutianyi/grpcfuse/mock/fuse_mock.go:361.92,364.2 2 0
github.com/chiyutianyi/grpcfuse/mock/fuse_mock.go:367.112,372.2 4 0
github.com/chiyutianyi/grpcfuse/mock/fuse_mock.go:375.95,378.2 2 0
github.com/chiyutianyi/grpcfuse/mock/fuse_mock.go:381.121,387.2 5 0
github.com/chiyutianyi/grpcfuse/mock/fuse_mock.go:390.92,393.2 2 0
github.com/chiyutianyi/grpcfuse/mock/fuse_mock.go:396.117,401.2 4 0
github.com/chiyutianyi/grpcfuse/mock/fuse_mock.go:404.95,407.2 2 0
github.com/chiyutianyi/grpcfuse/mock/fuse_mock.go:410.121,415.2 4 0
github.com/chiyutianyi/grpcfuse/mock/fuse_mock.go:418.99,421.2 2 0
github.com/chiyutianyi/grpcfuse/mock/fuse_mock.go:424.107,430.2 5 0
github.com/chiyutianyi/grpcfuse/mock/fuse_mock.go:433.92,436.2 2 0
github.com/chiyutianyi/grpcfuse/mock/fuse_mock.go:439.84,442.2 2 0
github.com/chiyutianyi/grpcfuse/mock/fuse_mock.go:445.90,448.2 2 0
github.com/chiyutianyi/grpcfuse/mock/fuse_mock.go:451.63,454.2 2 0
github.com/chiyutianyi/grpcfuse/mock/fuse_mock.go:457.85,460.2 2 0
github.com/chiyutianyi/grpcfuse/mock/fuse_mock.go:463.113,468.2 4 0
github.com/chiyutianyi/grpcfuse/mock/fuse_mock.go:471.101,474.2 2 0
github.com/chiyutianyi/grpcfuse/mock/fuse_mock.go:477.119,482.2 4 0
github.com/chiyutianyi/grpcfuse/mock/fuse_mock.go:485.107,488.2 2 0
github.com/chiyutianyi/grpcfuse/mock/fuse_mock.go:491.107,496.2 4 0
github.com/chiyutianyi/grpcfuse/mock/fuse_mock.go:499.95,502.2 2 0
github.com/chiyutianyi/grpcfuse/mock/fuse_mock.go:505.115,510.2 4 0
github.com/chiyutianyi/grpcfuse/mock/fuse_mock.go:513.95,516.2 2 0
github.com/chiyutianyi/grpcfuse/mock/fuse_mock.go:519.50,522.2 2 0
github.com/chiyutianyi/grpcfuse/mock/fuse_mock.go:525.83,528.2 2 0
github.com/chiyutianyi/grpcfuse/mock/fuse_mock.go:531.89,536.2 4 0
github.com/chiyutianyi/grpcfuse/mock/fuse_mock.go:539.88,542.2 2 0
github.com/chiyutianyi/grpcfuse/mock/fuse_mock.go:545.90,550.2 4 0
github.com/chiyutianyi/grpcfuse/mock/fuse_mock.go:553.89,556.2 2 0
github.com/chiyutianyi/grpcfuse/mock/fuse_mock.go:559.124,564.2 4 0
github.com/chiyutianyi/grpcfuse/mock/fuse_mock.go:567.103,570.2 2 0
github.com/chiyutianyi/grpcfuse/mock/fuse_mock.go:573.115,578.2 4 0
github.com/chiyutianyi/grpcfuse/mock/fuse_mock.go:581.94,584.2 2 0
github.com/chiyutianyi/grpcfuse/mock/fuse_mock.go:587.45,592.2 4 0
github.com/chiyutianyi/grpcfuse/mock/fuse_mock.go:595.64,598.2 2 0
github.com/chiyutianyi/grpcfuse/mock/fuse_mock.go:601.144,606.2 4 0
github.com/chiyutianyi/grpcfuse/mock/fuse_mock.go:609.117,612.2 2 0
github.com/chiyutianyi/grpcfuse/mock/fuse_mock.go:615.108,620.2 4 0
github.com/chiyutianyi/grpcfuse/mock/fuse_mock.go:623.96,626.2 2 0
github.com/chiyutianyi/grpcfuse/mock/fuse_mock.go:629.115,635.2 5 0
github.com/chiyutianyi/grpcfuse/mock/fuse_mock.go:638.94,641.2 2 0
github.com/chiyutianyi/grpcfuse/pb/raw_file_system.pb.go:45.33,47.29 2 0
github.com/chiyutianyi/grpcfuse/pb/raw_file_system.pb.go:47.29,51.3 3 0
github.com/chiyutianyi/grpcfuse/pb/raw_file_system.pb.go:54.41,56.2 1 0
github.com/chiyutianyi/grpcfuse/pb/raw_file_system.pb.go:58.39,58.40 0 0
github.com/chiyutianyi/grpcfuse/pb/raw_file_system.pb.go:60.61,62.41 2 0
github.com/chiyutianyi/grpcfuse/pb/raw_file_system.pb.go:62.41,64.34 2 0
github.com/chiyutianyi/grpcfuse/pb/raw_file_system.pb.go:64.34,66.4 1 0
github.com/chiyutianyi/grpcfuse/pb/raw_file_system.pb.go:67.3,67.12 1 0
github.com/chiyutianyi/grpcfuse/pb/raw_file_system.pb.go:69.2,69.24 1 0
github.com/chiyutianyi/grpcfuse/pb/raw_file_system.pb.go:73.52,75.2 1 0
github.com/chiyutianyi/grpcfuse/pb/raw_file_system.pb.go:85.34,87.29 2 0
github.com/chiyutianyi/grpcfuse/pb/raw_file_system.pb.go:87.29,91.3 3 0
github.com/chiyutianyi/grpcfuse/pb/raw_file_system.pb.go:94.42,96.2 1 0
github.com/chiyutianyi/grpcfuse/pb/raw_file_system.pb.go:98.40,98.41 0 0
github.com/chiyutianyi/grpcfuse/pb/raw_file_system.pb.go:100.62,102.41 2 0
github.com/chiyutianyi/grpcfuse/pb/raw_file_system.pb.go:102.41,104.34 2 0
github.com/chiyutianyi/grpcfuse/pb/raw_file_system.pb.go:104.34,106.4 1 0
github.com/chiyutianyi/grpcfuse/pb/raw_file_system.pb.go:107.3,107.12 1 0
github.com/chiyutianyi/grpcfuse/pb/raw_file_system.pb.go:109.2,109.24 1 0
github.com/chiyutianyi/grpcfuse/pb/raw_file_system.pb.go:113.53,115.2 1 0
github.com/chiyutianyi/grpcfuse/pb/raw_file_system.pb.go:117.44,118.14 1 0
github.com/chiyutianyi/grpcfuse/pb/raw_file_system.pb.go:118.14,120.3 1 0
github.com/chiyutianyi/grpcfuse/pb/raw_file_system.pb.go:121.2,121.11 1 0
github.com/chiyutianyi/grpcfuse/pb/raw_file_system.pb.go:133.33,135.29 2 0
github.com/chiyutianyi/grpcfuse/pb/raw_file_system.pb.go:135.29,139.3 3 0
github.com/chiyutianyi/grpcfuse/pb/raw_file_system.pb.go:142.41,144.2 1 0
github.com/chiyutianyi/grpcfuse/pb/raw_file_system.pb.go:146.39,146.40 0 0
github.com/chiyutianyi/grpcfuse/pb/raw_file_system.pb.go:148.61,150.41 2 0
github.com/chiyutianyi/grpcfuse/pb/raw_file_system.pb.go:150.41,152.34 2 0
github.com/chiyutianyi/grpcfuse/pb/raw_file_system.pb.go:152.34,154.4 1 0
github.com/chiyutianyi/grpcfuse/pb/raw_file_system.pb.go:155.3,155.12 1 0
github.com/chiyutianyi/grpcfuse/pb/raw_file_system.pb.go:157.2,157.24 1 0
github.com/chiyutianyi/grpcfuse/pb/raw_file_system.pb.go:161.52,163.2 1 0
github.com/chiyutianyi/grpcfuse/pb/raw_file_system.pb.go:165.47,166.14 1 0
github.com/chiyutianyi/grpcfuse/pb/raw_file_system.pb.go:166.14,168.3 1 0
github.com/chiyutianyi/grpcfuse/pb/raw_file_system.pb.go:169.2,169.12 1 0
github.com/chiyutianyi/grpcfuse/pb/raw_file_system.pb.go:172.42,173.14 1 0
github.com/chiyutianyi/grpcfuse/pb/raw_file_system.pb.go:173.14,175.3 1 0
github.com/chiyutianyi/grpcfuse/pb/raw_file_system.pb.go:176.2,176.11 1 0
github.com/chiyutianyi/grpcfuse/pb/raw_file_system.pb.go:188.34,190.29 2 0
github.com/chiyutianyi/grpcfuse/pb/raw_file_system.pb.go:190.29,194.3 3 0
github.com/chiyutianyi/grpcfuse/pb/raw_file_system.pb.go:197.42,199.2 1 0
github.com/chiyutianyi/grpcfuse/pb/raw_file_system.pb.go:201.40,201.41 0 0
github.com/chiyutianyi/grpcfuse/pb/raw_file_system.pb.go:203.62,205.41 2 0
github.com/chiyutianyi/grpcfuse/pb/raw_file_system.pb.go:205.41,207.34 2 0
github.com/chiyutianyi/grpcfuse/pb/raw_file_system.pb.go:207.34,209.4 1 0
github.com/chiyutianyi/grpcfuse/pb/raw_file_system.pb.go:210.3,210.12 1 0
github.com/chiyutianyi/grpcfuse/pb/raw_file_system.pb.go:212.2,212.24 1 0
github.com/chiyutianyi/grpcfuse/pb/raw_file_system.pb.go:216.53,218.2 1 0
github.com/chiyutianyi/grpcfuse/pb/raw_file_system.pb.go:220.46,221.14 1 0
github.com/chiyutianyi/grpcfuse/pb/raw_file_system.pb.go:221.14,223.3 1 0
github.com/chiyutianyi/grpcfuse/pb/raw_file_system.pb.go:224.2,224.12 1 0
github.com/chiyutianyi/grpcfuse/pb/raw_file_system.pb.go:227.50,228.14 1 0
github.com/chiyutianyi/grpcfuse/pb/raw_file_system.pb.go:228.14,230.3 1 0
github.com/chiyutianyi/grpcfuse/pb/raw_file_system.pb.go:231.2,231.12 1 0
github.com/chiyutianyi/grpcfuse/pb/raw_file_system.pb.go:243.33,245.29 2 0
github.com/chiyutianyi/grpcfuse/pb/raw_file_system.pb.go:245.29,249.3 3 0
github.com/chiyutianyi/grpcfuse/pb/raw_file_system.pb.go:252.41,254.2 1 0
github.com/chiyutianyi/grpcfuse/pb/raw_file_system.pb.go:256.39,256.40 0 0
github.com/chiyutianyi/grpcfuse/pb/raw_file_system.pb.go:258.61,260.41 2 0
github.com/chiyutianyi/grpcfuse/pb/raw_file_system.pb.go:260.41,262.34 2 0
github.com/chiyutianyi/grpcfuse/pb/raw_file_system.pb.go:262.34,264.4 1 0
github.com/chiyutianyi/grpcfuse/pb/raw_file_system.pb.go:265.3,265.12 1 0
github.com/chiyutianyi/grpcfuse/pb/raw_file_system.pb.go:267.2,267.24 1 0
github.com/chiyutianyi/grpcfuse/pb/raw_file_system.pb.go:271.52,273.2 1 0
github.com/chiyutianyi/grpcfuse/pb/raw_file_system.pb.go:275.44,276.14 1 0
github.com/chiyutianyi/grpcfuse/pb/raw_file_system.pb.go:276.14,278.3 1 0
github.com/chiyutianyi/grpcfuse/pb/raw_file_system.pb.go:279.2,279.10 1 0
github.com/chiyutianyi/grpcfuse/pb/raw_file_system.pb.go:282.45,283.14 1 0
github.com/chiyutianyi/grpcfuse/pb/raw_file_system.pb.go:283.14,285.3 1 0
github.com/chiyutianyi/grpcfuse/pb/raw_file_system.pb.go:286.2,286.10 1 0
github.com/chiyutianyi/grpcfuse/pb/raw_file_system.pb.go:297.34,299.29 2 0
github.com/chiyutianyi/grpcfuse/pb/raw_file_system.pb.go:299.29,303.3 3 0
github.com/chiyutianyi/grpcfuse/pb/raw_file_system.pb.go:306.42,308.2 1 0
github.com/chiyutianyi/grpcfuse/pb/raw_file_system.pb.go:310.40,310.41 0 0
github.com/chiyutianyi/grpcfuse/pb/raw_file_system.pb.go:312.62,314.41 2 0
github.com/chiyutianyi/grpcfuse/pb/raw_file_system.pb.go:314.41,316.34 2 0
github.com/chiyutianyi/grpcfuse/pb/raw_file_system.pb.go:316.34,318.4 1 0
github.com/chiyutianyi/grpcfuse/pb/raw_file_system.pb.go:319.3,319.12 1 0
github.com/chiyutianyi/grpcfuse/pb/raw_file_system.pb.go:321.2,321.24 1 0
github.com/chiyutianyi/grpcfuse/pb/raw_file_system.pb.go:325.53,327.2 1 0
github.com/chiyutianyi/grpcfuse/pb/raw_file_system.pb.go:329.48,330.14 1 0
github.com/chiyutianyi/grpcfuse/pb/raw_file_system.pb.go:330.14,332.3 1 0
github.com/chiyutianyi/grpcfuse/pb/raw_file_system.pb.go:333.2,333.12 1 0
github.com/chiyutianyi/grpcfuse/pb/raw_file_system.pb.go:345.35,347.29 2 0
github.com/chiyutianyi/grpcfuse/pb/raw_file_system.pb.go:347.29,351.3 3 0
github.com/chiyutianyi/grpcfuse/pb/raw_file_system.pb.go:354.43,356.2 1 0
github.com/chiyutianyi/grpcfuse/pb/raw_file_system.pb.go:358.41,358.42 0 0
github.com/chiyutianyi/grpcfuse/pb/raw_file_system.pb.go:360.63,362.41 2 0
github.com/chiyutianyi/grpcfuse/pb/raw_file_system.pb.go:362.41,364.34 2 0
github.com/chiyutianyi/grpcfuse/pb/raw_file_system.pb.go:364.34,366.4 1 0
github.com/chiyutianyi/grpcfuse/pb/raw_file_system.pb.go:367.3,367.12 1 0
github.com/chiyutianyi/grpcfuse/pb/raw_file_system.pb.go:369.2,369.24 1 0
github.com/chiyutianyi/grpcfuse/pb/raw_file_system.pb.go:373.54,375.2 1 0
github.com/chiyutianyi/grpcfuse/pb/raw_file_system.pb.go:377.47,378.14 1 0
github.com/chiyutianyi/grpcfuse/pb/raw_file_system.pb.go:378.14,380.3 1 0
github.com/chiyutianyi/grpcfuse/pb/raw_file_system.pb.go:381.2,381.12 1 0
github.com/chiyutianyi/grpcfuse/pb/raw_file_system.pb.go:384.49,385.14 1 0
github.com/chiyutianyi/grpcfuse/pb/raw_file_system.pb.go:385.14,387.3 1 0
github.com/chiyutianyi/grpcfuse/pb/raw_file_system.pb.go:388.2,388.12 1 0
github.com/chiyutianyi/grpcfuse/pb/raw_file_system.pb.go:414.34,416.29 2 0
github.com/chiyutianyi/grpcfuse/pb/raw_file_system.pb.go:416.29,420.3 3 0
github.com/chiyutianyi/grpcfuse/pb/raw_file_system.pb.go:423.42,425.2 1 0
github.com/chiyutianyi/grpcfuse/pb/raw_file_system.pb.go:427.40,427.41 0 0
github.com/chiyutianyi/grpcfuse/pb/raw_file_system.pb.go:429.62,431.41 2 0
github.com/chiyutianyi/grpcfuse/pb/raw_file_system.pb.go:431.41,433.34 2 0
github.com/chiyutianyi/grpcfuse/pb/raw_file_system.pb.go:433.34,435.4 1 0
github.com/chiyutianyi/grpcfuse/pb/raw_file_system.pb.go:436.3,436.12 1 0
github.com/chiyutianyi/grpcfuse/pb/raw_file_system.pb.go:438.2,438.24 1 0
github.com/chiyutianyi/grpcfuse/pb/raw_file_system.pb.go:442.53,444.2 1 0
github.com/chiyutianyi/grpcfuse/pb/raw_file_system.pb.go:446.48,447.14 1 0
github.com/chiyutianyi/grpcfuse/pb/raw_file_system.pb.go:447.14,449.3 1 0
github.com/chiyutianyi/grpcfuse/pb/raw_file_system.pb.go:450.2,450.12 1 0
github.com/chiyutianyi/grpcfuse/pb/raw_file_system.pb.go:453.44,454.14 1 0
github.com/chiyutianyi/grpcfuse/pb/raw_file_system.pb.go:454.14,456.3 1 0
github.com/chiyutianyi/grpcfuse/pb/raw_file_system.pb.go:457.2,457.10 1 0
github.com/chiyutianyi/grpcfuse/pb/raw_file_system.pb.go:460.46,461.14 1 0
github.com/chiyutianyi/grpcfuse/pb/raw_file_system.pb.go:461.14,463.3 1 0
github.com/chiyutianyi/grpcfuse/pb/raw_file_system.pb.go:464.2,464.10 1 0
github.com/chiyutianyi/grpcfuse/pb/raw_file_system.pb.go:467.41,468.14 1 0
github.com/chiyutianyi/grpcfuse/pb/raw_file_system.pb.go:468.14,470.3 1 0
github.com/chiyutianyi/grpcfuse/pb/raw_file_system.pb.go:471.2,471.10 1 0
github.com/chiyutianyi/grpcfuse/pb/raw_file_system.pb.go:474.43,475.14 1 0
github.com/chiyutianyi/grpcfuse/pb/raw_file_system.pb.go:475.14,477.3 1 0
github.com/chiyutianyi/grpcfuse/pb/raw_file_system.pb.go:478.2,478.10 1 0
github.com/chiyutianyi/grpcfuse/pb/raw_file_system.pb.go:481.48,482.14 1 0
github.com/chiyutianyi/grpcfuse/pb/raw_file_system.pb.go:482.14,484.3 1 0
github.com/chiyutianyi/grpcfuse/pb/raw_file_system.pb.go:485.2,485.10 1 0
github.com/chiyutianyi/grpcfuse/pb/raw_file_system.pb.go:488.44,489.14 1 0
github.com/chiyutianyi/grpcfuse/pb/raw_file_system.pb.go:489.14,491.3 1 0
github.com/chiyutianyi/grpcfuse/pb/raw_file_system.pb.go:492.2,492.10 1 0
github.com/chiyutianyi/grpcfuse/pb/raw_file_system.pb.go:495.44,496.14 1 0
github.com/chiyutianyi/grpcfuse/pb/raw_file_system.pb.go:496.14,498.3 1 0
github.com/chiyutianyi/grpcfuse/pb/raw_file_system.pb.go:499.2,499.10 1 0
github.com/chiyutianyi/grpcfuse/pb/raw_file_system.pb.go:502.44,503.14 1 0
github.com/chiyutianyi/grpcfuse/pb/raw_file_system.pb.go:503.14,505.3 1 0
github.com/chiyutianyi/grpcfuse/pb/raw_file_system.pb.go:506.2,506.10 1 0
github.com/chiyutianyi/grpcfuse/pb/raw_file_system.pb.go:509.48,510.14 1 0
github.com/chiyutianyi/grpcfuse/pb/raw_file_system.pb.go:510.14,512.3 1 0
github.com/chiyutianyi/grpcfuse/pb/raw_file_system.pb.go:513.2,513.10 1 0
github.com/chiyutianyi/grpcfuse/pb/raw_file_system.pb.go:516.48,517.14 1 0
github.com/chiyutianyi/grpcfuse/pb/raw_file_system.pb.go:517.14,519.3 1 0
github.com/chiyutianyi/grpcfuse/pb/raw_file_system.pb.go:520.2,520.10 1 0
github.com/chiyutianyi/grpcfuse/pb/raw_file_system.pb.go:523.48,524.14 1 0
github.com/chiyutianyi/grpcfuse/pb/raw_file_system.pb.go:524.14,526.3 1 0
github.com/chiyutianyi/grpcfuse/pb/raw_file_system.pb.go:527.2,527.10 1 0
github.com/chiyutianyi/grpcfuse/pb/raw_file_system.pb.go:530.43,531.14 1 0
github.com/chiyutianyi/grpcfuse/pb/raw_file_system.pb.go:531.14,533.3 1 0
github.com/chiyutianyi/grpcfuse/pb/raw_file_system.pb.go:534.2,534.10 1 0
github.com/chiyutianyi/grpcfuse/pb/raw_file_system.pb.go:537.46,538.14 1 0
github.com/chiyutianyi/grpcfuse/pb/raw_file_system.pb.go:538.14,540.3 1 0
github.com/chiyutianyi/grpcfuse/pb/raw_file_system.pb.go:541.2,541.10 1 0
github.com/chiyutianyi/grpcfuse/pb/raw_file_system.pb.go:544.44,545.14 1 0
github.com/chiyutianyi/grpcfuse/pb/raw_file_system.pb.go:545.14,547.3 1 0
github.com/chiyutianyi/grpcfuse/pb/raw_file_system.pb.go:548.2,548.12 1 0
github.com/chiyutianyi/grpcfuse/pb/raw_file_system.pb.go:551.46,552.14 1 0
github.com/chiyutianyi/grpcfuse/pb/raw_file_system.pb.go:552.14,554.3 1 0
github.com/chiyutianyi/grpcfuse/pb/raw_file_system.pb.go:555.2,555.10 1 0
github.com/chiyutianyi/grpcfuse/pb/raw_file_system.pb.go:567.35,569.29 2 0
github.com/chiyutianyi/grpcfuse/pb/raw_file_system.pb.go:569.29,573.3 3 0
github.com/chiyutianyi/grpcfuse/pb/raw_file_system.pb.go:576.43,578.2 1 0
github.com/chiyutianyi/grpcfuse/pb/raw_file_system.pb.go:580.41,580.42 0 0
github.com/chiyutianyi/grpcfuse/pb/raw_file_system.pb.go:582.63,584.41 2 0
github.com/chiyutianyi/grpcfuse/pb/raw_file_system.pb.go:584.41,586.34 2 0
github.com/chiyutianyi/grpcfuse/pb/raw_file_system.pb.go:586.34,588.4 1 0
github.com/chiyutianyi/grpcfuse/pb/raw_file_system.pb.go:589.3,589.12 1 0
github.com/chiyutianyi/grpcfuse/pb/raw_file_system.pb.go:591.2,591.24 1 0
github.com/chiyutianyi/grpcfuse/pb/raw_file_system.pb.go:595.54,597.2 1 0
github.com/chiyutianyi/grpcfuse/pb/raw_file_system.pb.go:599.47,600.14 1 0
github.com/chiyutianyi/grpcfuse/pb/raw_file_system.pb.go:600.14,602.3 1 0
github.com/chiyutianyi/grpcfuse/pb/raw_file_system.pb.go:603.2,603.12 1 0
github.com/chiyutianyi/grpcfuse/pb/raw_file_system.pb.go:606.49,607.14 1 0
github.com/chiyutianyi/grpcfuse/pb/raw_file_system.pb.go:607.14,609.3 1 0
github.com/chiyutianyi/grpcfuse/pb/raw_file_system.pb.go:610.2,610.12 1 0
github.com/chiyutianyi/grpcfuse/pb/raw_file_system.pb.go:626.32,628.29 2 0
github.com/chiyutianyi/grpcfuse/pb/raw_file_system.pb.go:628.29,632.3 3 0
github.com/chiyutianyi/grpcfuse/pb/raw_file_system.pb.go:635.40,637.2 1 0
github.com/chiyutianyi/grpcfuse/pb/raw_file_system.pb.go:639.38,639.39 0 0
github.com/chiyutianyi/grpcfuse/pb/raw_file_system.pb.go:641.60,643.41 2 0
github.com/chiyutianyi/grpcfuse/pb/raw_file_system.pb.go:643.41,645.34 2 0
github.com/chiyutianyi/grpcfuse/pb/raw_file_system.pb.go:645.34,647.4 1 0
github.com/chiyutianyi/grpcfuse/pb/raw_file_system.pb.go:648.3,648.12 1 0
github.com/chiyutianyi/grpcfuse/pb/raw_file_system.pb.go:650.2,650.24 1 0
github.com/chiyutianyi/grpcfuse/pb/raw_file_system.pb.go:654.51,656.2 1 0
github.com/chiyutianyi/grpcfuse/pb/raw_file_system.pb.go:658.46,659.14 1 0
github.com/chiyutianyi/grpcfuse/pb/raw_file_system.pb.go:659.14,661.3 1 0
github.com/chiyutianyi/grpcfuse/pb/raw_file_system.pb.go:662.2,662.12 1 0
github.com/chiyutianyi/grpcfuse/pb/raw_file_system.pb.go:665.41,666.14 1 0
github.com/chiyutianyi/grpcfuse/pb/raw_file_system.pb.go:666.14,668.3 1 0
github.com/chiyutianyi/grpcfuse/pb/raw_file_system.pb.go:669.2,669.11 1 0
github.com/chiyutianyi/grpcfuse/pb/raw_file_system.pb.go:672.41,673.14 1 0
github.com/chiyutianyi/grpcfuse/pb/raw_file_system.pb.go:673.14,675.3 1 0
github.com/chiyutianyi/grpcfuse/pb/raw_file_system.pb.go:676.2,676.10 1 0
github.com/chiyutianyi/grpcfuse/pb/raw_file_system.pb.go:679.41,680.14 1 0
github.com/chiyutianyi/grpcfuse/pb/raw_file_system.pb.go:680.14,682.3 1 0
github.com/chiyutianyi/grpcfuse/pb/raw_file_system.pb.go:683.2,683.10 1 0
github.com/chiyutianyi/grpcfuse/pb/raw_file_system.pb.go:686.42,687.14 1 0
github.com/chiyutianyi/grpcfuse/pb/raw_file_system.pb.go:687.14,689.3 1 0
github.com/chiyutianyi/grpcfuse/pb/raw_file_system.pb.go:690.2,690.10 1 0
github.com/chiyutianyi/grpcfuse/pb/raw_file_system.pb.go:702.33,704.29 2 0
github.com/chiyutianyi/grpcfuse/pb/raw_file_system.pb.go:704.29,708.3 3 0
github.com/chiyutianyi/grpcfuse/pb/raw_file_system.pb.go:711.41,713.2 1 0
github.com/chiyutianyi/grpcfuse/pb/raw_file_system.pb.go:715.39,715.40 0 0
github.com/chiyutianyi/grpcfuse/pb/raw_file_system.pb.go:717.61,719.41 2 0
github.com/chiyutianyi/grpcfuse/pb/raw_file_system.pb.go:719.41,721.34 2 0
github.com/chiyutianyi/grpcfuse/pb/raw_file_system.pb.go:721.34,723.4 1 0
github.com/chiyutianyi/grpcfuse/pb/raw_file_system.pb.go:724.3,724.12 1 0
github.com/chiyutianyi/grpcfuse/pb/raw_file_system.pb.go:726.2,726.24 1 0
github.com/chiyutianyi/grpcfuse/pb/raw_file_system.pb.go:730.52,732.2 1 0
github.com/chiyutianyi/grpcfuse/pb/raw_file_system.pb.go:734.45,735.14 1 0
github.com/chiyutianyi/grpcfuse/pb/raw_file_system.pb.go:735.14,737.3 1 0
github.com/chiyutianyi/grpcfuse/pb/raw_file_system.pb.go:738.2,738.12 1 0
github.com/chiyutianyi/grpcfuse/pb/raw_file_system.pb.go:741.49,742.14 1 0
github.com/chiyutianyi/grpcfuse/pb/raw_file_system.pb.go:742.14,744.3 1 0
github.com/chiyutianyi/grpcfuse/pb/raw_file_system.pb.go:745.2,745.12 1 0
github.com/chiyutianyi/grpcfuse/pb/raw_file_system.pb.go:759.32,761.29 2 0
github.com/chiyutianyi/grpcfuse/pb/raw_file_system.pb.go:761.29,765.3 3 0
github.com/chiyutianyi/grpcfuse/pb/raw_file_system.pb.go:768.40,770.2 1 0
github.com/chiyutianyi/grpcfuse/pb/raw_file_system.pb.go:772.38,772.39 0 0
github.com/chiyutianyi/grpcfuse/pb/raw_file_system.pb.go:774.60,776.41 2 0
github.com/chiyutianyi/grpcfuse/pb/raw_file_system.pb.go:776.41,778.34 2 0
github.com/chiyutianyi/grpcfuse/pb/raw_file_system.pb.go:778.34,780.4 1 0
github.com/chiyutianyi/grpcfuse/pb/raw_file_system.pb.go:781.3,781.12 1 0
github.com/chiyutianyi/grpcfuse/pb/raw_file_system.pb.go:783.2,783.24 1 0
github.com/chiyutianyi/grpcfuse/pb/raw_file_system.pb.go:787.51,789.2 1 0
github.com/chiyutianyi/grpcfuse/pb/raw_file_system.pb.go:791.46,792.14 1 0
github.com/chiyutianyi/grpcfuse/pb/raw_file_system.pb.go:792.14,794.3 1 0
github.com/chiyutianyi/grpcfuse/pb/raw_file_system.pb.go:795.2,795.12 1 0
github.com/chiyutianyi/grpcfuse/pb/raw_file_system.pb.go:798.41,799.14 1 0
github.com/chiyutianyi/grpcfuse/pb/raw_file_system.pb.go:799.14,801.3 1 0
github.com/chiyutianyi/grpcfuse/pb/raw_file_system.pb.go:802.2,802.11 1 0
github.com/chiyutianyi/grpcfuse/pb/raw_file_system.pb.go:805.41,806.14 1 0
github.com/chiyutianyi/grpcfuse/pb/raw_file_system.pb.go:806.14,808.3 1 0
github.com/chiyutianyi/grpcfuse/pb/raw_file_system.pb.go:809.2,809.10 1 0
github.com/chiyutianyi/grpcfuse/pb/raw_file_system.pb.go:812.42,813.14 1 0
github.com/chiyutianyi/grpcfuse/pb/raw_file_system.pb.go:813.14,815.3 1 0
github.com/chiyutianyi/grpcfuse/pb/raw_file_system.pb.go:816.2,816.10 1 0
github.com/chiyutianyi/grpcfuse/pb/raw_file_system.pb.go:828.33,830.29 2 0
github.com/chiyutianyi/grpcfuse/pb/raw_file_system.pb.go:830.29,834.3 3 0
github.com/chiyutianyi/grpcfuse/pb/raw_file_system.pb.go:837.41,839.2 1 0
github.com/chiyutianyi/grpcfuse/pb/raw_file_system.pb.go:841.39,841.40 0 0
github.com/chiyutianyi/grpcfuse/pb/raw_file_system.pb.go:843.61,845.41 2 0
github.com/chiyutianyi/grpcfuse/pb/raw_file_system.pb.go:845.41,847.34 2 0
github.com/chiyutianyi/grpcfuse/pb/raw_file_system.pb.go:847.34,849.4 1 0
github.com/chiyutianyi/grpcfuse/pb/raw_file_system.pb.go:850.3,850.12 1 0
github.com/chiyutianyi/grpcfuse/pb/raw_file_system.pb.go:852.2,852.24 1 0
github.com/chiyutianyi/grpcfuse/pb/raw_file_system.pb.go:856.52,858.2 1 0
github.com/chiyutianyi/grpcfuse/pb/raw_file_system.pb.go:860.45,861.14 1 0
github.com/chiyutianyi/grpcfuse/pb/raw_file_system.pb.go:861.14,863.3 1 0
github.com/chiyutianyi/grpcfuse/pb/raw_file_system.pb.go:864.2,864.12 1 0
github.com/chiyutianyi/grpcfuse/pb/raw_file_system.pb.go:867.49,868.14 1 0
github.com/chiyutianyi/grpcfuse/pb/raw_file_system.pb.go:868.14,870.3 1 0
github.com/chiyutianyi/grpcfuse/pb/raw_file_system.pb.go:871.2,871.12 1 0
github.com/chiyutianyi/grpcfuse/pb/raw_file_system.pb.go:883.33,885.29 2 0
github.com/chiyutianyi/grpcfuse/pb/raw_file_system.pb.go:885.29,889.3 3 0
github.com/chiyutianyi/grpcfuse/pb/raw_file_system.pb.go:892.41,894.2 1 0
github.com/chiyutianyi/grpcfuse/pb/raw_file_system.pb.go:896.39,896.40 0 0
github.com/chiyutianyi/grpcfuse/pb/raw_file_system.pb.go:898.61,900.41 2 0
github.com/chiyutianyi/grpcfuse/pb/raw_file_system.pb.go:900.41,902.34 2 0
github.com/chiyutianyi/grpcfuse/pb/raw_file_system.pb.go:902.34,904.4 1 0
github.com/chiyutianyi/grpcfuse/pb/raw_file_system.pb.go:905.3,905.12 1 0
github.com/chiyutianyi/grpcfuse/pb/raw_file_system.pb.go:907.2,907.24 1 0
github.com/chiyutianyi/grpcfuse/pb/raw_file_system.pb.go:911.52,913.2 1 0
github.com/chiyutianyi/grpcfuse/pb/raw_file_system.pb.go:915.47,916.14 1 0
github.com/chiyutianyi/grpcfuse/pb/raw_file_system.pb.go:916.14,918.3 1 0
github.com/chiyutianyi/grpcfuse/pb/raw_file_system.pb.go:919.2,919.12 1 0
github.com/chiyutianyi/grpcfuse/pb/raw_file_system.pb.go:922.42,923.14 1 0
github.com/chiyutianyi/grpcfuse/pb/raw_file_system.pb.go:923.14,925.3 1 0
github.com/chiyutianyi/grpcfuse/pb/raw_file_system.pb.go:926.2,926.11 1 0
github.com/chiyutianyi/grpcfuse/pb/raw_file_system.pb.go:937.34,939.29 2 0
github.com/chiyutianyi/grpcfuse/pb/raw_file_system.pb.go:939.29,943.3 3 0
github.com/chiyutianyi/grpcfuse/pb/raw_file_system.pb.go:946.42,948.2 1 0
github.com/chiyutianyi/grpcfuse/pb/raw_file_system.pb.go:950.40,950.41 0 0
github.com/chiyutianyi/grpcfuse/pb/raw_file_system.pb.go:952.62,954.41 2 0
github.com/chiyutianyi/grpcfuse/pb/raw_file_system.pb.go:954.41,956.34 2 0
github.com/chiyutianyi/grpcfuse/pb/raw_file_system.pb.go:956.34,958.4 1 0
github.com/chiyutianyi/grpcfuse/pb/raw_file_system.pb.go:959.3,959.12 1 0
github.com/chiyutianyi/grpcfuse/pb/raw_file_system.pb.go:961.2,961.24 1 0
github.com/chiyutianyi/grpcfuse/pb/raw_file_system.pb.go:965.53,967.2 1 0
github.com/chiyutianyi/grpcfuse/pb/raw_file_system.pb.go:969.46,970.14 1 0
github.com/chiyutianyi/grpcfuse/pb/raw_file_system.pb.go:970.14,972.3 1 0
github.com/chiyutianyi/grpcfuse/pb/raw_file_system.pb.go:973.2,973.12 1 0
github.com/chiyutianyi/grpcfuse/pb/raw_file_system.pb.go:985.32,987.29 2 0
github.com/chiyutianyi/grpcfuse/pb/raw_file_system.pb.go:987.29,991.3 3 0
github.com/chiyutianyi/grpcfuse/pb/raw_file_system.pb.go:994.40,996.2 1 0
github.com/chiyutianyi/grpcfuse/pb/raw_file_system.pb.go:998.38,998.39 0 0
github.com/chiyutianyi/grpcfuse/pb/raw_file_system.pb.go:1000.60,1002.41 2 0
github.com/chiyutianyi/grpcfuse/pb/raw_file_system.pb.go:1002.41,1004.34 2 0
github.com/chiyutianyi/grpcfuse/pb/raw_file_system.pb.go:1004.34,1006.4 1 0
github.com/chiyutianyi/grpcfuse/pb/raw_file_system.pb.go:1007.3,1007.12 1 0
github.com/chiyutianyi/grpcfuse/pb/raw_file_system.pb.go:1009.2,1009.24 1 0
github.com/chiyutianyi/grpcfuse/pb/raw_file_system.pb.go:1013.51,1015.2 1 0
github.com/chiyutianyi/grpcfuse/pb/raw_file_system.pb.go:1017.46,1018.14 1 0
github.com/chiyutianyi/grpcfuse/pb/raw_file_system.pb.go:1018.14,1020.3 1 0
github.com/chiyutianyi/grpcfuse/pb/raw_file_system.pb.go:1021.2,1021.12 1 0
github.com/chiyutianyi/grpcfuse/pb/raw_file_system.pb.go:1024.41,1025.14 1 0
github.com/chiyutianyi/grpcfuse/pb/raw_file_system.pb.go:1025.14,1027.3 1 0
github.com/chiyutianyi/grpcfuse/pb/raw_file_system.pb.go:1028.2,1028.11 1 0
github.com/chiyutianyi/grpcfuse/pb/raw_file_system.pb.go:1039.33,1041.29 2 0
github.com/chiyutianyi/grpcfuse/pb/raw_file_system.pb.go:1041.29,1045.3 3 0
github.com/chiyutianyi/grpcfuse/pb/raw_file_system.pb.go:1048.41,1050.2 1 0
github.com/chiyutianyi/grpcfuse/pb/raw_file_system.pb.go:1052.39,1052.40 0 0
github.com/chiyutianyi/grpcfuse/pb/raw_file_system.pb.go:1054.61,1056.41 2 0
github.com/chiyutianyi/grpcfuse/pb/raw_file_system.pb.go:1056.41,1058.34 2 0
github.com/chiyutianyi/grpcfuse/pb/raw_file_system.pb.go:1058.34,1060.4 1 0
github.com/chiyutianyi/grpcfuse/pb/raw_file_system.pb.go:1061.3,1061.12 1 0
github.com/chiyutianyi/grpcfuse/pb/raw_file_system.pb.go:1063.2,1063.24 1 0
github.com/chiyutianyi/grpcfuse/pb/raw_file_system.pb.go:1067.52,1069.2 1 0
github.com/chiyutianyi/grpcfuse/pb/raw_file_system.pb.go:1071.45,1072.14 1 0
github.com/chiyutianyi/grpcfuse/pb/raw_file_system.pb.go:1072.14,1074.3 1 0
github.com/chiyutianyi/grpcfuse/pb/raw_file_system.pb.go:1075.2,1075.12 1 0
github.com/chiyutianyi/grpcfuse/pb/raw_file_system.pb.go:1091.33,1093.29 2 0
github.com/chiyutianyi/grpcfuse/pb/raw_file_system.pb.go:1093.29,1097.3 3 0
github.com/chiyutianyi/grpcfuse/pb/raw_file_system.pb.go:1100.41,1102.2 1 0
github.com/chiyutianyi/grpcfuse/pb/raw_file_system.pb.go:1104.39,1104.40 0 0
github.com/chiyutianyi/grpcfuse/pb/raw_file_system.pb.go:1106.61,1108.41 2 0
github.com/chiyutianyi/grpcfuse/pb/raw_file_system.pb.go:1108.41,1110.34 2 0
github.com/chiyutianyi/grpcfuse/pb/raw_file_system.pb.go:1110.34,1112.4 1 0
github.com/chiyutianyi/grpcfuse/pb/raw_file_system.pb.go:1113.3,1113.12 1 0
github.com/chiyutianyi/grpcfuse/pb/raw_file_system.pb.go:1115.2,1115.24 1 0
github.com/chiyutianyi/grpcfuse/pb/raw_file_system.pb.go:1119.52,1121.2 1 0
github.com/chiyutianyi/grpcfuse/pb/raw_file_system.pb.go:1123.47,1124.14 1 0
github.com/chiyutianyi/grpcfuse/pb/raw_file_system.pb.go:1124.14,1126.3 1 0
github.com/chiyutianyi/grpcfuse/pb/raw_file_system.pb.go:1127.2,1127.12 1 0
github.com/chiyutianyi/grpcfuse/pb/raw_file_system.pb.go:1130.45,1131.14 1 0
github.com/chiyutianyi/grpcfuse/pb/raw_file_system.pb.go:1131.14,1133.3 1 0
github.com/chiyutianyi/grpcfuse/pb/raw_file_system.pb.go:1134.2,1134.11 1 0
github.com/chiyutianyi/grpcfuse/pb/raw_file_system.pb.go:1137.45,1138.14 1 0
github.com/chiyutianyi/grpcfuse/pb/raw_file_system.pb.go:1138.14,1140.3 1 0
github.com/chiyutianyi/grpcfuse/pb/raw_file_system.pb.go:1141.2,1141.11 1 0
github.com/chiyutianyi/grpcfuse/pb/raw_file_system.pb.go:1144.44,1145.14 1 0
github.com/chiyutianyi/grpcfuse/pb/raw_file_system.pb.go:1145.14,1147.3 1 0
github.com/chiyutianyi/grpcfuse/pb/raw_file_system.pb.go:1148.2,1148.10 1 0
github.com/chiyutianyi/grpcfuse/pb/raw_file_system.pb.go:1151.43,1152.14 1 0
github.com/chiyutianyi/grpcfuse/pb/raw_file_system.pb.go:1152.14,1154.3 1 0
github.com/chiyutianyi/grpcfuse/pb/raw_file_system.pb.go:1155.2,1155.10 1 0
github.com/chiyutianyi/grpcfuse/pb/raw_file_system.pb.go:1158.45,1159.14 1 0
github.com/chiyutianyi/grpcfuse/pb/raw_file_system.pb.go:1159.14,1161.3 1 0
github.com/chiyutianyi/grpcfuse/pb/raw_file_system.pb.go:1162.2,1162.10 1 0
github.com/chiyutianyi/grpcfuse/pb/raw_file_system.pb.go:1173.34,1175.29 2 0
github.com/chiyutianyi/grpcfuse/pb/raw_file_system.pb.go:1175.29,1179.3 3 0
github.com/chiyutianyi/grpcfuse/pb/raw_file_system.pb.go:1182.42,1184.2 1 0
github.com/chiyutianyi/grpcfuse/pb/raw_file_system.pb.go:1186.40,1186.41 0 0
github.com/chiyutianyi/grpcfuse/pb/raw_file_system.pb.go:1188.62,1190.41 2 0
github.com/chiyutianyi/grpcfuse/pb/raw_file_system.pb.go:1190.41,1192.34 2 0
github.com/chiyutianyi/grpcfuse/pb/raw_file_system.pb.go:1192.34,1194.4 1 0
github.com/chiyutianyi/grpcfuse/pb/raw_file_system.pb.go:1195.3,1195.12 1 0
github.com/chiyutianyi/grpcfuse/pb/raw_file_system.pb.go:1197.2,1197.24 1 0
github.com/chiyutianyi/grpcfuse/pb/raw_file_system.pb.go:1201.53,1203.2 1 0
github.com/chiyutianyi/grpcfuse/pb/raw_file_system.pb.go:1205.46,1206.14 1 0
github.com/chiyutianyi/grpcfuse/pb/raw_file_system.pb.go:1206.14,1208.3 1 0
github.com/chiyutianyi/grpcfuse/pb/raw_file_system.pb.go:1209.2,1209.12 1 0
github.com/chiyutianyi/grpcfuse/pb/raw_file_system.pb.go:1222.31,1224.29 2 0
github.com/chiyutianyi/grpcfuse/pb/raw_file_system.pb.go:1224.29,1228.3 3 0
github.com/chiyutianyi/grpcfuse/pb/raw_file_system.pb.go:1231.39,1233.2 1 0
github.com/chiyutianyi/grpcfuse/pb/raw_file_system.pb.go:1235.37,1235.38 0 0
github.com/chiyutianyi/grpcfuse/pb/raw_file_system.pb.go:1237.59,1239.41 2 0
github.com/chiyutianyi/grpcfuse/pb/raw_file_system.pb.go:1239.41,1241.34 2 0
github.com/chiyutianyi/grpcfuse/pb/raw_file_system.pb.go:1241.34,1243.4 1 0
github.com/chiyutianyi/grpcfuse/pb/raw_file_system.pb.go:1244.3,1244.12 1 0
github.com/chiyutianyi/grpcfuse/pb/raw_file_system.pb.go:1246.2,1246.24 1 0
github.com/chiyutianyi/grpcfuse/pb/raw_file_system.pb.go:1250.50,1252.2 1 0
github.com/chiyutianyi/grpcfuse/pb/raw_file_system.pb.go:1254.45,1255.14 1 0
github.com/chiyutianyi/grpcfuse/pb/raw_file_system.pb.go:1255.14,1257.3 1 0
github.com/chiyutianyi/grpcfuse/pb/raw_file_system.pb.go:1258.2,1258.12 1 0
github.com/chiyutianyi/grpcfuse/pb/raw_file_system.pb.go:1261.45,1262.14 1 0
github.com/chiyutianyi/grpcfuse/pb/raw_file_system.pb.go:1262.14,1264.3 1 0
github.com/chiyutianyi/grpcfuse/pb/raw_file_system.pb.go:1265.2,1265.10 1 0
github.com/chiyutianyi/grpcfuse/pb/raw_file_system.pb.go:1268.44,1269.14 1 0
github.com/chiyutianyi/grpcfuse/pb/raw_file_system.pb.go:1269.14,1271.3 1 0
github.com/chiyutianyi/grpcfuse/pb/raw_file_system.pb.go:1272.2,1272.11 1 0
github.com/chiyutianyi/grpcfuse/pb/raw_file_system.pb.go:1284.32,1286.29 2 0
github.com/chiyutianyi/grpcfuse/pb/raw_file_system.pb.go:1286.29,1290.3 3 0
github.com/chiyutianyi/grpcfuse/pb/raw_file_system.pb.go:1293.40,1295.2 1 0
github.com/chiyutianyi/grpcfuse/pb/raw_file_system.pb.go:1297.38,1297.39 0 0
github.com/chiyutianyi/grpcfuse/pb/raw_file_system.pb.go:1299.60,1301.41 2 0
github.com/chiyutianyi/grpcfuse/pb/raw_file_system.pb.go:1301.41,1303.34 2 0
github.com/chiyutianyi/grpcfuse/pb/raw_file_system.pb.go:1303.34,1305.4 1 0
github.com/chiyutianyi/grpcfuse/pb/raw_file_system.pb.go:1306.3,1306.12 1 0
github.com/chiyutianyi/grpcfuse/pb/raw_file_system.pb.go:1308.2,1308.24 1 0
github.com/chiyutianyi/grpcfuse/pb/raw_file_system.pb.go:1312.51,1314.2 1 0
github.com/chiyutianyi/grpcfuse/pb/raw_file_system.pb.go:1316.44,1317.14 1 0
github.com/chiyutianyi/grpcfuse/pb/raw_file_system.pb.go:1317.14,1319.3 1 0
github.com/chiyutianyi/grpcfuse/pb/raw_file_system.pb.go:1320.2,1320.12 1 0
github.com/chiyutianyi/grpcfuse/pb/raw_file_system.pb.go:1323.48,1324.14 1 0
github.com/chiyutianyi/grpcfuse/pb/raw_file_system.pb.go:1324.14,1326.3 1 0
github.com/chiyutianyi/grpcfuse/pb/raw_file_system.pb.go:1327.2,1327.12 1 0
github.com/chiyutianyi/grpcfuse/pb/raw_file_system.pb.go:1340.34,1342.29 2 0
github.com/chiyutianyi/grpcfuse/pb/raw_file_system.pb.go:1342.29,1346.3 3 0
github.com/chiyutianyi/grpcfuse/pb/raw_file_system.pb.go:1349.42,1351.2 1 0
github.com/chiyutianyi/grpcfuse/pb/raw_file_system.pb.go:1353.40,1353.41 0 0
github.com/chiyutianyi/grpcfuse/pb/raw_file_system.pb.go:1355.62,1357.41 2 0
github.com/chiyutianyi/grpcfuse/pb/raw_file_system.pb.go:1357.41,1359.34 2 0
github.com/chiyutianyi/grpcfuse/pb/raw_file_system.pb.go:1359.34,1361.4 1 0
github.com/chiyutianyi/grpcfuse/pb/raw_file_system.pb.go:1362.3,1362.12 1 0
github.com/chiyutianyi/grpcfuse/pb/raw_file_system.pb.go:1364.2,1364.24 1 0
github.com/chiyutianyi/grpcfuse/pb/raw_file_system.pb.go:1368.53,1370.2 1 0
github.com/chiyutianyi/grpcfuse/pb/raw_file_system.pb.go:1372.48,1373.14 1 0
github.com/chiyutianyi/grpcfuse/pb/raw_file_system.pb.go:1373.14,1375.3 1 0
github.com/chiyutianyi/grpcfuse/pb/raw_file_system.pb.go:1376.2,1376.12 1 0
github.com/chiyutianyi/grpcfuse/pb/raw_file_system.pb.go:1379.48,1380.14 1 0
github.com/chiyutianyi/grpcfuse/pb/raw_file_system.pb.go:1380.14,1382.3 1 0
github.com/chiyutianyi/grpcfuse/pb/raw_file_system.pb.go:1383.2,1383.11 1 0
github.com/chiyutianyi/grpcfuse/pb/raw_file_system.pb.go:1386.47,1387.14 1 0
github.com/chiyutianyi/grpcfuse/pb/raw_file_system.pb.go:1387.14,1389.3 1 0
github.com/chiyutianyi/grpcfuse/pb/raw_file_system.pb.go:1390.2,1390.11 1 0
github.com/chiyutianyi/grpcfuse/pb/raw_file_system.pb.go:1402.35,1404.29 2 0
github.com/chiyutianyi/grpcfuse/pb/raw_file_system.pb.go:1404.29,1408.3 3 0
github.com/chiyutianyi/grpcfuse/pb/raw_file_system.pb.go:1411.43,1413.2 1 0
github.com/chiyutianyi/grpcfuse/pb/raw_file_system.pb.go:1415.41,1415.42 0 0
github.com/chiyutianyi/grpcfuse/pb/raw_file_system.pb.go:1417.63,1419.41 2 0
github.com/chiyutianyi/grpcfuse/pb/raw_file_system.pb.go:1419.41,1421.34 2 0
github.com/chiyutianyi/grpcfuse/pb/raw_file_system.pb.go:1421.34,1423.4 1 0
github.com/chiyutianyi/grpcfuse/pb/raw_file_system.pb.go:1424.3,1424.12 1 0
github.com/chiyutianyi/grpcfuse/pb/raw_file_system.pb.go:1426.2,1426.24 1 0
github.com/chiyutianyi/grpcfuse/pb/raw_file_system.pb.go:1430.54,1432.2 1 0
github.com/chiyutianyi/grpcfuse/pb/raw_file_system.pb.go:1434.47,1435.14 1 0
github.com/chiyutianyi/grpcfuse/pb/raw_file_system.pb.go:1435.14,1437.3 1 0
github.com/chiyutianyi/grpcfuse/pb/raw_file_system.pb.go:1438.2,1438.12 1 0
github.com/chiyutianyi/grpcfuse/pb/raw_file_system.pb.go:1441.51,1442.14 1 0
github.com/chiyutianyi/grpcfuse/pb/raw_file_system.pb.go:1442.14,1444.3 1 0
github.com/chiyutianyi/grpcfuse/pb/raw_file_system.pb.go:1445.2,1445.12 1 0
github.com/chiyutianyi/grpcfuse/pb/raw_file_system.pb.go:1456.35,1458.29 2 0
github.com/chiyutianyi/grpcfuse/pb/raw_file_system.pb.go:1458.29,1462.3 3 0
github.com/chiyutianyi/grpcfuse/pb/raw_file_system.pb.go:1465.43,1467.2 1 0
github.com/chiyutianyi/grpcfuse/pb/raw_file_system.pb.go:1469.41,1469.42 0 0
github.com/chiyutianyi/grpcfuse/pb/raw_file_system.pb.go:1471.63,1473.41 2 0
github.com/chiyutianyi/grpcfuse/pb/raw_file_system.pb.go:1473.41,1475.34 2 0
github.com/chiyutianyi/grpcfuse/pb/raw_file_system.pb.go:1475.34,1477.4 1 0
github.com/chiyutianyi/grpcfuse/pb/raw_file_system.pb.go:1478.3,1478.12 1 0
github.com/chiyutianyi/grpcfuse/pb/raw_file_system.pb.go:1480.2,1480.24 1 0
github.com/chiyutianyi/grpcfuse/pb/raw_file_system.pb.go:1484.54,1486.2 1 0
github.com/chiyutianyi/grpcfuse/pb/raw_file_system.pb.go:1488.49,1489.14 1 0
github.com/chiyutianyi/grpcfuse/pb/raw_file_system.pb.go:1489.14,1491.3 1 0
github.com/chiyutianyi/grpcfuse/pb/raw_file_system.pb.go:1492.2,1492.12 1 0
github.com/chiyutianyi/grpcfuse/pb/raw_file_system.pb.go:1504.36,1506.29 2 0
github.com/chiyutianyi/grpcfuse/pb/raw_file_system.pb.go:1506.29,1510.3 3 0
github.com/chiyutianyi/grpcfuse/pb/raw_file_system.pb.go:1513.44,1515.2 1 0
github.com/chiyutianyi/grpcfuse/pb/raw_file_system.pb.go:1517.42,1517.43 0 0
github.com/chiyutianyi/grpcfuse/pb/raw_file_system.pb.go:1519.64,1521.41 2 0
github.com/chiyutianyi/grpcfuse/pb/raw_file_system.pb.go:1521.41,1523.34 2 0
github.com/chiyutianyi/grpcfuse/pb/raw_file_system.pb.go:1523.34,1525.4 1 0
github.com/chiyutianyi/grpcfuse/pb/raw_file_system.pb.go:1526.3,1526.12 1 0
github.com/chiyutianyi/grpcfuse/pb/raw_file_system.pb.go:1528.2,1528.24 1 0
github.com/chiyutianyi/grpcfuse/pb/raw_file_system.pb.go:1532.55,1534.2 1 0
github.com/chiyutianyi/grpcfuse/pb/raw_file_system.pb.go:1536.48,1537.14 1 0
github.com/chiyutianyi/grpcfuse/pb/raw_file_system.pb.go:1537.14,1539.3 1 0
github.com/chiyutianyi/grpcfuse/pb/raw_file_system.pb.go:1540.2,1540.12 1 0
github.com/chiyutianyi/grpcfuse/pb/raw_file_system.pb.go:1543.44,1544.14 1 0
github.com/chiyutianyi/grpcfuse/pb/raw_file_system.pb.go:1544.14,1546.3 1 0
github.com/chiyutianyi/grpcfuse/pb/raw_file_system.pb.go:1547.2,1547.12 1 0
github.com/chiyutianyi/grpcfuse/pb/raw_file_system.pb.go:1560.33,1562.29 2 0
github.com/chiyutianyi/grpcfuse/pb/raw_file_system.pb.go:1562.29,1566.3 3 0
github.com/chiyutianyi/grpcfuse/pb/raw_file_system.pb.go:1569.41,1571.2 1 0
github.com/chiyutianyi/grpcfuse/pb/raw_file_system.pb.go:1573.39,1573.40 0 0
github.com/chiyutianyi/grpcfuse/pb/raw_file_system.pb.go:1575.61,1577.41 2 0
github.com/chiyutianyi/grpcfuse/pb/raw_file_system.pb.go:1577.41,1579.34 2 0
github.com/chiyutianyi/grpcfuse/pb/raw_file_system.pb.go:1579.34,1581.4 1 0
github.com/chiyutianyi/grpcfuse/pb/raw_file_system.pb.go:1582.3,1582.12 1 0
github.com/chiyutianyi/grpcfuse/pb/raw_file_system.pb.go:1584.2,1584.24 1 0
github.com/chiyutianyi/grpcfuse/pb/raw_file_system.pb.go:1588.52,1590.2 1 0
github.com/chiyutianyi/grpcfuse/pb/raw_file_system.pb.go:1592.47,1593.14 1 0
github.com/chiyutianyi/grpcfuse/pb/raw_file_system.pb.go:1593.14,1595.3 1 0
github.com/chiyutianyi/grpcfuse/pb/raw_file_system.pb.go:1596.2,1596.12 1 0
github.com/chiyutianyi/grpcfuse/pb/raw_file_system.pb.go:1599.42,1600.14 1 0
github.com/chiyutianyi/grpcfuse/pb/raw_file_system.pb.go:1600.14,1602.3 1 0
github.com/chiyutianyi/grpcfuse/pb/raw_file_system.pb.go:1603.2,1603.10 1 0
github.com/chiyutianyi/grpcfuse/pb/raw_file_system.pb.go:1606.45,1607.14 1 0
github.com/chiyutianyi/grpcfuse/pb/raw_file_system.pb.go:1607.14,1609.3 1 0
github.com/chiyutianyi/grpcfuse/pb/raw_file_system.pb.go:1610.2,1610.10 1 0
github.com/chiyutianyi/grpcfuse/pb/raw_file_system.pb.go:1621.34,1623.29 2 0
github.com/chiyutianyi/grpcfuse/pb/raw_file_system.pb.go:1623.29,1627.3 3 0
github.com/chiyutianyi/grpcfuse/pb/raw_file_system.pb.go:1630.42,1632.2 1 0
github.com/chiyutianyi/grpcfuse/pb/raw_file_system.pb.go:1634.40,1634.41 0 0
github.com/chiyutianyi/grpcfuse/pb/raw_file_system.pb.go:1636.62,1638.41 2 0
github.com/chiyutianyi/grpcfuse/pb/raw_file_system.pb.go:1638.41,1640.34 2 0
github.com/chiyutianyi/grpcfuse/pb/raw_file_system.pb.go:1640.34,1642.4 1 0
github.com/chiyutianyi/grpcfuse/pb/raw_file_system.pb.go:1643.3,1643.12 1 0
github.com/chiyutianyi/grpcfuse/pb/raw_file_system.pb.go:1645.2,1645.24 1 0
github.com/chiyutianyi/grpcfuse/pb/raw_file_system.pb.go:1649.53,1651.2 1 0
github.com/chiyutianyi/grpcfuse/pb/raw_file_system.pb.go:1653.46,1654.14 1 0
github.com/chiyutianyi/grpcfuse/pb/raw_file_system.pb.go:1654.14,1656.3 1 0
github.com/chiyutianyi/grpcfuse/pb/raw_file_system.pb.go:1657.2,1657.12 1 0
github.com/chiyutianyi/grpcfuse/pb/raw_file_system.pb.go:1670.35,1672.29 2 0
github.com/chiyutianyi/grpcfuse/pb/raw_file_system.pb.go:1672.29,1676.3 3 0
github.com/chiyutianyi/grpcfuse/pb/raw_file_system.pb.go:1679.43,1681.2 1 0
github.com/chiyutianyi/grpcfuse/pb/raw_file_system.pb.go:1683.41,1683.42 0 0
github.com/chiyutianyi/grpcfuse/pb/raw_file_system.pb.go:1685.63,1687.41 2 0
github.com/chiyutianyi/grpcfuse/pb/raw_file_system.pb.go:1687.41,1689.34 2 0
github.com/chiyutianyi/grpcfuse/pb/raw_file_system.pb.go:1689.34,1691.4 1 0
github.com/chiyutianyi/grpcfuse/pb/raw_file_system.pb.go:1692.3,1692.12 1 0
github.com/chiyutianyi/grpcfuse/pb/raw_file_system.pb.go:1694.2,1694.24 1 0
github.com/chiyutianyi/grpcfuse/pb/raw_file_system.pb.go:1698.54,1700.2 1 0
github.com/chiyutianyi/grpcfuse/pb/raw_file_system.pb.go:1702.49,1703.14 1 0
github.com/chiyutianyi/grpcfuse/pb/raw_file_system.pb.go:1703.14,1705.3 1 0
github.com/chiyutianyi/grpcfuse/pb/raw_file_system.pb.go:1706.2,1706.12 1 0
github.com/chiyutianyi/grpcfuse/pb/raw_file_system.pb.go:1709.44,1710.14 1 0
github.com/chiyutianyi/grpcfuse/pb/raw_file_system.pb.go:1710.14,1712.3 1 0
github.com/chiyutianyi/grpcfuse/pb/raw_file_system.pb.go:1713.2,1713.11 1 0
github.com/chiyutianyi/grpcfuse/pb/raw_file_system.pb.go:1716.44,1717.14 1 0
github.com/chiyutianyi/grpcfuse/pb/raw_file_system.pb.go:1717.14,1719.3 1 0
github.com/chiyutianyi/grpcfuse/pb/raw_file_system.pb.go:1720.2,1720.12 1 0
github.com/chiyutianyi/grpcfuse/pb/raw_file_system.pb.go:1732.36,1734.29 2 0
github.com/chiyutianyi/grpcfuse/pb/raw_file_system.pb.go:1734.29,1738.3 3 0
github.com/chiyutianyi/grpcfuse/pb/raw_file_system.pb.go:1741.44,1743.2 1 0
github.com/chiyutianyi/grpcfuse/pb/raw_file_system.pb.go:1745.42,1745.43 0 0
github.com/chiyutianyi/grpcfuse/pb/raw_file_system.pb.go:1747.64,1749.41 2 0
github.com/chiyutianyi/grpcfuse/pb/raw_file_system.pb.go:1749.41,1751.34 2 0
github.com/chiyutianyi/grpcfuse/pb/raw_file_system.pb.go:1751.34,1753.4 1 0
github.com/chiyutianyi/grpcfuse/pb/raw_file_system.pb.go:1754.3,1754.12 1 0
github.com/chiyutianyi/grpcfuse/pb/raw_file_system.pb.go:1756.2,1756.24 1 0
github.com/chiyutianyi/grpcfuse/pb/raw_file_system.pb.go:1760.55,1762.2 1 0
github.com/chiyutianyi/grpcfuse/pb/raw_file_system.pb.go:1764.48,1765.14 1 0
github.com/chiyutianyi/grpcfuse/pb/raw_file_system.pb.go:1765.14,1767.3 1 0
github.com/chiyutianyi/grpcfuse/pb/raw_file_system.pb.go:1768.2,1768.12 1 0
github.com/chiyutianyi/grpcfuse/pb/raw_file_system.pb.go:1771.45,1772.14 1 0
github.com/chiyutianyi/grpcfuse/pb/raw_file_system.pb.go:1772.14,1774.3 1 0
github.com/chiyutianyi/grpcfuse/pb/raw_file_system.pb.go:1775.2,1775.10 1 0
github.com/chiyutianyi/grpcfuse/pb/raw_file_system.pb.go:1787.36,1789.29 2 0
github.com/chiyutianyi/grpcfuse/pb/raw_file_system.pb.go:1789.29,1793.3 3 0
github.com/chiyutianyi/grpcfuse/pb/raw_file_system.pb.go:1796.44,1798.2 1 0
github.com/chiyutianyi/grpcfuse/pb/raw_file_system.pb.go:1800.42,1800.43 0 0
github.com/chiyutianyi/grpcfuse/pb/raw_file_system.pb.go:1802.64,1804.41 2 0
github.com/chiyutianyi/grpcfuse/pb/raw_file_system.pb.go:1804.41,1806.34 2 0
github.com/chiyutianyi/grpcfuse/pb/raw_file_system.pb.go:1806.34,1808.4 1 0
github.com/chiyutianyi/grpcfuse/pb/raw_file_system.pb.go:1809.3,1809.12 1 0
github.com/chiyutianyi/grpcfuse/pb/raw_file_system.pb.go:1811.2,1811.24 1 0
github.com/chiyutianyi/grpcfuse/pb/raw_file_system.pb.go:1815.55,1817.2 1 0
github.com/chiyutianyi/grpcfuse/pb/raw_file_system.pb.go:1819.50,1820.14 1 0
github.com/chiyutianyi/grpcfuse/pb/raw_file_system.pb.go:1820.14,1822.3 1 0
github.com/chiyutianyi/grpcfuse/pb/raw_file_system.pb.go:1823.2,1823.12 1 0
github.com/chiyutianyi/grpcfuse/pb/raw_file_system.pb.go:1826.45,1827.14 1 0
github.com/chiyutianyi/grpcfuse/pb/raw_file_system.pb.go:1827.14,1829.3 1 0
github.com/chiyutianyi/grpcfuse/pb/raw_file_system.pb.go:1830.2,1830.12 1 0
github.com/chiyutianyi/grpcfuse/pb/raw_file_system.pb.go:1842.37,1844.29 2 0
github.com/chiyutianyi/grpcfuse/pb/raw_file_system.pb.go:1844.29,1848.3 3 0
github.com/chiyutianyi/grpcfuse/pb/raw_file_system.pb.go:1851.45,1853.2 1 0
github.com/chiyutianyi/grpcfuse/pb/raw_file_system.pb.go:1855.43,1855.44 0 0
github.com/chiyutianyi/grpcfuse/pb/raw_file_system.pb.go:1857.65,1859.41 2 0
github.com/chiyutianyi/grpcfuse/pb/raw_file_system.pb.go:1859.41,1861.34 2 0
github.com/chiyutianyi/grpcfuse/pb/raw_file_system.pb.go:1861.34,1863.4 1 0
github.com/chiyutianyi/grpcfuse/pb/raw_file_system.pb.go:1864.3,1864.12 1 0
github.com/chiyutianyi/grpcfuse/pb/raw_file_system.pb.go:1866.2,1866.24 1 0
github.com/chiyutianyi/grpcfuse/pb/raw_file_system.pb.go:1870.56,1872.2 1 0
github.com/chiyutianyi/grpcfuse/pb/raw_file_system.pb.go:1874.49,1875.14 1 0
github.com/chiyutianyi/grpcfuse/pb/raw_file_system.pb.go:1875.14,1877.3 1 0
github.com/chiyutianyi/grpcfuse/pb/raw_file_system.pb.go:1878.2,1878.12 1 0
github.com/chiyutianyi/grpcfuse/pb/raw_file_system.pb.go:1881.46,1882.14 1 0
github.com/chiyutianyi/grpcfuse/pb/raw_file_system.pb.go:1882.14,1884.3 1 0
github.com/chiyutianyi/grpcfuse/pb/raw_file_system.pb.go:1885.2,1885.10 1 0
github.com/chiyutianyi/grpcfuse/pb/raw_file_system.pb.go:1902.35,1904.29 2 0
github.com/chiyutianyi/grpcfuse/pb/raw_file_system.pb.go:1904.29,1908.3 3 0
github.com/chiyutianyi/grpcfuse/pb/raw_file_system.pb.go:1911.43,1913.2 1 0
github.com/chiyutianyi/grpcfuse/pb/raw_file_system.pb.go:1915.41,1915.42 0 0
github.com/chiyutianyi/grpcfuse/pb/raw_file_system.pb.go:1917.63,1919.41 2 0
github.com/chiyutianyi/grpcfuse/pb/raw_file_system.pb.go:1919.41,1921.34 2 0
github.com/chiyutianyi/grpcfuse/pb/raw_file_system.pb.go:1921.34,1923.4 1 0
github.com/chiyutianyi/grpcfuse/pb/raw_file_system.pb.go:1924.3,1924.12 1 0
github.com/chiyutianyi/grpcfuse/pb/raw_file_system.pb.go:1926.2,1926.24 1 0
github.com/chiyutianyi/grpcfuse/pb/raw_file_system.pb.go:1930.54,1932.2 1 0
github.com/chiyutianyi/grpcfuse/pb/raw_file_system.pb.go:1934.49,1935.14 1 0
github.com/chiyutianyi/grpcfuse/pb/raw_file_system.pb.go:1935.14,1937.3 1 0
github.com/chiyutianyi/grpcfuse/pb/raw_file_system.pb.go:1938.2,1938.12 1 0
github.com/chiyutianyi/grpcfuse/pb/raw_file_system.pb.go:1941.44,1942.14 1 0
github.com/chiyutianyi/grpcfuse/pb/raw_file_system.pb.go:1942.14,1944.3 1 0
github.com/chiyutianyi/grpcfuse/pb/raw_file_system.pb.go:1945.2,1945.11 1 0
github.com/chiyutianyi/grpcfuse/pb/raw_file_system.pb.go:1948.44,1949.14 1 0
github.com/chiyutianyi/grpcfuse/pb/raw_file_system.pb.go:1949.14,1951.3 1 0
github.com/chiyutianyi/grpcfuse/pb/raw_file_system.pb.go:1952.2,1952.12 1 0
github.com/chiyutianyi/grpcfuse/pb/raw_file_system.pb.go:1955.44,1956.14 1 0
github.com/chiyutianyi/grpcfuse/pb/raw_file_system.pb.go:1956.14,1958.3 1 0
github.com/chiyutianyi/grpcfuse/pb/raw_file_system.pb.go:1959.2,1959.10 1 0
github.com/chiyutianyi/grpcfuse/pb/raw_file_system.pb.go:1962.45,1963.14 1 0
github.com/chiyutianyi/grpcfuse/pb/raw_file_system.pb.go:1963.14,1965.3 1 0
github.com/chiyutianyi/grpcfuse/pb/raw_file_system.pb.go:1966.2,1966.10 1 0
github.com/chiyutianyi/grpcfuse/pb/raw_file_system.pb.go:1969.48,1970.14 1 0
github.com/chiyutianyi/grpcfuse/pb/raw_file_system.pb.go:1970.14,1972.3 1 0
github.com/chiyutianyi/grpcfuse/pb/raw_file_system.pb.go:1973.2,1973.10 1 0
github.com/chiyutianyi/grpcfuse/pb/raw_file_system.pb.go:1976.47,1977.14 1 0
github.com/chiyutianyi/grpcfuse/pb/raw_file_system.pb.go:1977.14,1979.3 1 0
github.com/chiyutianyi/grpcfuse/pb/raw_file_system.pb.go:1980.2,1980.10 1 0
github.com/chiyutianyi/grpcfuse/pb/raw_file_system.pb.go:1991.36,1993.29 2 0
github.com/chiyutianyi/grpcfuse/pb/raw_file_system.pb.go:1993.29,1997.3 3 0
github.com/chiyutianyi/grpcfuse/pb/raw_file_system.pb.go:2000.44,2002.2 1 0
github.com/chiyutianyi/grpcfuse/pb/raw_file_system.pb.go:2004.42,2004.43 0 0
github.com/chiyutianyi/grpcfuse/pb/raw_file_system.pb.go:2006.64,2008.41 2 0
github.com/chiyutianyi/grpcfuse/pb/raw_file_system.pb.go:2008.41,2010.34 2 0
github.com/chiyutianyi/grpcfuse/pb/raw_file_system.pb.go:2010.34,2012.4 1 0
github.com/chiyutianyi/grpcfuse/pb/raw_file_system.pb.go:2013.3,2013.12 1 0
github.com/chiyutianyi/grpcfuse/pb/raw_file_system.pb.go:2015.2,2015.24 1 0
github.com/chiyutianyi/grpcfuse/pb/raw_file_system.pb.go:2019.55,2021.2 1 0
github.com/chiyutianyi/grpcfuse/pb/raw_file_system.pb.go:2023.48,2024.14 1 0
github.com/chiyutianyi/grpcfuse/pb/raw_file_system.pb.go:2024.14,2026.3 1 0
github.com/chiyutianyi/grpcfuse/pb/raw_file_system.pb.go:2027.2,2027.12 1 0
github.com/chiyutianyi/grpcfuse/pb/raw_file_system.pb.go:2039.38,2041.29 2 0
github.com/chiyutianyi/grpcfuse/pb/raw_file_system.pb.go:2041.29,2045.3 3 0
github.com/chiyutianyi/grpcfuse/pb/raw_file_system.pb.go:2048.46,2050.2 1 0
github.com/chiyutianyi/grpcfuse/pb/raw_file_system.pb.go:2052.44,2052.45 0 0
github.com/chiyutianyi/grpcfuse/pb/raw_file_system.pb.go:2054.66,2056.41 2 0
github.com/chiyutianyi/grpcfuse/pb/raw_file_system.pb.go:2056.41,2058.34 2 0
github.com/chiyutianyi/grpcfuse/pb/raw_file_system.pb.go:2058.34,2060.4 1 0
github.com/chiyutianyi/grpcfuse/pb/raw_file_system.pb.go:2061.3,2061.12 1 0
github.com/chiyutianyi/grpcfuse/pb/raw_file_system.pb.go:2063.2,2063.24 1 0
github.com/chiyutianyi/grpcfuse/pb/raw_file_system.pb.go:2067.57,2069.2 1 0
github.com/chiyutianyi/grpcfuse/pb/raw_file_system.pb.go:2071.52,2072.14 1 0
github.com/chiyutianyi/grpcfuse/pb/raw_file_system.pb.go:2072.14,2074.3 1 0
github.com/chiyutianyi/grpcfuse/pb/raw_file_system.pb.go:2075.2,2075.12 1 0
github.com/chiyutianyi/grpcfuse/pb/raw_file_system.pb.go:2078.47,2079.14 1 0
github.com/chiyutianyi/grpcfuse/pb/raw_file_system.pb.go:2079.14,2081.3 1 0
github.com/chiyutianyi/grpcfuse/pb/raw_file_system.pb.go:2082.2,2082.11 1 0
github.com/chiyutianyi/grpcfuse/pb/raw_file_system.pb.go:2093.39,2095.29 2 0
github.com/chiyutianyi/grpcfuse/pb/raw_file_system.pb.go:2095.29,2099.3 3 0
github.com/chiyutianyi/grpcfuse/pb/raw_file_system.pb.go:2102.47,2104.2 1 0
github.com/chiyutianyi/grpcfuse/pb/raw_file_system.pb.go:2106.45,2106.46 0 0
github.com/chiyutianyi/grpcfuse/pb/raw_file_system.pb.go:2108.67,2110.41 2 0
github.com/chiyutianyi/grpcfuse/pb/raw_file_system.pb.go:2110.41,2112.34 2 0
github.com/chiyutianyi/grpcfuse/pb/raw_file_system.pb.go:2112.34,2114.4 1 0
github.com/chiyutianyi/grpcfuse/pb/raw_file_system.pb.go:2115.3,2115.12 1 0
github.com/chiyutianyi/grpcfuse/pb/raw_file_system.pb.go:2117.2,2117.24 1 0
github.com/chiyutianyi/grpcfuse/pb/raw_file_system.pb.go:2121.58,2123.2 1 0
github.com/chiyutianyi/grpcfuse/pb/raw_file_system.pb.go:2125.51,2126.14 1 0
github.com/chiyutianyi/grpcfuse/pb/raw_file_system.pb.go:2126.14,2128.3 1 0
github.com/chiyutianyi/grpcfuse/pb/raw_file_system.pb.go:2129.2,2129.12 1 0
github.com/chiyutianyi/grpcfuse/pb/raw_file_system.pb.go:2146.33,2148.29 2 0
github.com/chiyutianyi/grpcfuse/pb/raw_file_system.pb.go:2148.29,2152.3 3 0
github.com/chiyutianyi/grpcfuse/pb/raw_file_system.pb.go:2155.41,2157.2 1 0
github.com/chiyutianyi/grpcfuse/pb/raw_file_system.pb.go:2159.39,2159.40 0 0
github.com/chiyutianyi/grpcfuse/pb/raw_file_system.pb.go:2161.61,2163.41 2 0
github.com/chiyutianyi/grpcfuse/pb/raw_file_system.pb.go:2163.41,2165.34 2 0
github.com/chiyutianyi/grpcfuse/pb/raw_file_system.pb.go:2165.34,2167.4 1 0
github.com/chiyutianyi/grpcfuse/pb/raw_file_system.pb.go:2168.3,2168.12 1 0
github.com/chiyutianyi/grpcfuse/pb/raw_file_system.pb.go:2170.2,2170.24 1 0
github.com/chiyutianyi/grpcfuse/pb/raw_file_system.pb.go:2174.52,2176.2 1 0
github.com/chiyutianyi/grpcfuse/pb/raw_file_system.pb.go:2178.47,2179.14 1 0
github.com/chiyutianyi/grpcfuse/pb/raw_file_system.pb.go:2179.14,2181.3 1 0
github.com/chiyutianyi/grpcfuse/pb/raw_file_system.pb.go:2182.2,2182.12 1 0
github.com/chiyutianyi/grpcfuse/pb/raw_file_system.pb.go:2185.42,2186.14 1 0
github.com/chiyutianyi/grpcfuse/pb/raw_file_system.pb.go:2186.14,2188.3 1 0
github.com/chiyutianyi/grpcfuse/pb/raw_file_system.pb.go:2189.2,2189.11 1 0
github.com/chiyutianyi/grpcfuse/pb/raw_file_system.pb.go:2192.43,2193.14 1 0
github.com/chiyutianyi/grpcfuse/pb/raw_file_system.pb.go:2193.14,2195.3 1 0
github.com/chiyutianyi/grpcfuse/pb/raw_file_system.pb.go:2196.2,2196.10 1 0
github.com/chiyutianyi/grpcfuse/pb/raw_file_system.pb.go:2199.42,2200.14 1 0
github.com/chiyutianyi/grpcfuse/pb/raw_file_system.pb.go:2200.14,2202.3 1 0
github.com/chiyutianyi/grpcfuse/pb/raw_file_system.pb.go:2203.2,2203.10 1 0
github.com/chiyutianyi/grpcfuse/pb/raw_file_system.pb.go:2206.43,2207.14 1 0
github.com/chiyutianyi/grpcfuse/pb/raw_file_system.pb.go:2207.14,2209.3 1 0
github.com/chiyutianyi/grpcfuse/pb/raw_file_system.pb.go:2210.2,2210.10 1 0
github.com/chiyutianyi/grpcfuse/pb/raw_file_system.pb.go:2213.45,2214.14 1 0
github.com/chiyutianyi/grpcfuse/pb/raw_file_system.pb.go:2214.14,2216.3 1 0
github.com/chiyutianyi/grpcfuse/pb/raw_file_system.pb.go:2217.2,2217.10 1 0
github.com/chiyutianyi/grpcfuse/pb/raw_file_system.pb.go:2230.34,2232.29 2 0
github.com/chiyutianyi/grpcfuse/pb/raw_file_system.pb.go:2232.29,2236.3 3 0
github.com/chiyutianyi/grpcfuse/pb/raw_file_system.pb.go:2239.42,2241.2 1 0
github.com/chiyutianyi/grpcfuse/pb/raw_file_system.pb.go:2243.40,2243.41 0 0
github.com/chiyutianyi/grpcfuse/pb/raw_file_system.pb.go:2245.62,2247.41 2 0
github.com/chiyutianyi/grpcfuse/pb/raw_file_system.pb.go:2247.41,2249.34 2 0
github.com/chiyutianyi/grpcfuse/pb/raw_file_system.pb.go:2249.34,2251.4 1 0
github.com/chiyutianyi/grpcfuse/pb/raw_file_system.pb.go:2252.3,2252.12 1 0
github.com/chiyutianyi/grpcfuse/pb/raw_file_system.pb.go:2254.2,2254.24 1 0
github.com/chiyutianyi/grpcfuse/pb/raw_file_system.pb.go:2258.53,2260.2 1 0
github.com/chiyutianyi/grpcfuse/pb/raw_file_system.pb.go:2262.46,2263.14 1 0
github.com/chiyutianyi/grpcfuse/pb/raw_file_system.pb.go:2263.14,2265.3 1 0
github.com/chiyutianyi/grpcfuse/pb/raw_file_system.pb.go:2266.2,2266.12 1 0
github.com/chiyutianyi/grpcfuse/pb/raw_file_system.pb.go:2269.50,2270.14 1 0
github.com/chiyutianyi/grpcfuse/pb/raw_file_system.pb.go:2270.14,2272.3 1 0
github.com/chiyutianyi/grpcfuse/pb/raw_file_system.pb.go:2273.2,2273.12 1 0
github.com/chiyutianyi/grpcfuse/pb/raw_file_system.pb.go:2276.48,2277.14 1 0
github.com/chiyutianyi/grpcfuse/pb/raw_file_system.pb.go:2277.14,2279.3 1 0
github.com/chiyutianyi/grpcfuse/pb/raw_file_system.pb.go:2280.2,2280.12 1 0
github.com/chiyutianyi/grpcfuse/pb/raw_file_system.pb.go:2291.31,2293.29 2 0
github.com/chiyutianyi/grpcfuse/pb/raw_file_system.pb.go:2293.29,2297.3 3 0
github.com/chiyutianyi/grpcfuse/pb/raw_file_system.pb.go:2300.39,2302.2 1 0
github.com/chiyutianyi/grpcfuse/pb/raw_file_system.pb.go:2304.37,2304.38 0 0
github.com/chiyutianyi/grpcfuse/pb/raw_file_system.pb.go:2306.59,2308.41 2 0
github.com/chiyutianyi/grpcfuse/pb/raw_file_system.pb.go:2308.41,2310.34 2 0
github.com/chiyutianyi/grpcfuse/pb/raw_file_system.pb.go:2310.34,2312.4 1 0
github.com/chiyutianyi/grpcfuse/pb/raw_file_system.pb.go:2313.3,2313.12 1 0
github.com/chiyutianyi/grpcfuse/pb/raw_file_system.pb.go:2315.2,2315.24 1 0
github.com/chiyutianyi/grpcfuse/pb/raw_file_system.pb.go:2319.50,2321.2 1 0
github.com/chiyutianyi/grpcfuse/pb/raw_file_system.pb.go:2323.43,2324.14 1 0
github.com/chiyutianyi/grpcfuse/pb/raw_file_system.pb.go:2324.14,2326.3 1 0
github.com/chiyutianyi/grpcfuse/pb/raw_file_system.pb.go:2327.2,2327.12 1 0
github.com/chiyutianyi/grpcfuse/pb/raw_file_system.pb.go:2339.32,2341.29 2 0
github.com/chiyutianyi/grpcfuse/pb/raw_file_system.pb.go:2341.29,2345.3 3 0
github.com/chiyutianyi/grpcfuse/pb/raw_file_system.pb.go:2348.40,2350.2 1 0
github.com/chiyutianyi/grpcfuse/pb/raw_file_system.pb.go:2352.38,2352.39 0 0
github.com/chiyutianyi/grpcfuse/pb/raw_file_system.pb.go:2354.60,2356.41 2 0
github.com/chiyutianyi/grpcfuse/pb/raw_file_system.pb.go:2356.41,2358.34 2 0
github.com/chiyutianyi/grpcfuse/pb/raw_file_system.pb.go:2358.34,2360.4 1 0
github.com/chiyutianyi/grpcfuse/pb/raw_file_system.pb.go:2361.3,2361.12 1 0
github.com/chiyutianyi/grpcfuse/pb/raw_file_system.pb.go:2363.2,2363.24 1 0
github.com/chiyutianyi/grpcfuse/pb/raw_file_system.pb.go:2367.51,2369.2 1 0
github.com/chiyutianyi/grpcfuse/pb/raw_file_system.pb.go:2371.44,2372.14 1 0
github.com/chiyutianyi/grpcfuse/pb/raw_file_system.pb.go:2372.14,2374.3 1 0
github.com/chiyutianyi/grpcfuse/pb/raw_file_system.pb.go:2375.2,2375.12 1 0
github.com/chiyutianyi/grpcfuse/pb/raw_file_system.pb.go:2378.46,2379.14 1 0
github.com/chiyutianyi/grpcfuse/pb/raw_file_system.pb.go:2379.14,2381.3 1 0
github.com/chiyutianyi/grpcfuse/pb/raw_file_system.pb.go:2382.2,2382.12 1 0
github.com/chiyutianyi/grpcfuse/pb/raw_file_system.pb.go:2393.31,2395.29 2 0
github.com/chiyutianyi/grpcfuse/pb/raw_file_system.pb.go:2395.29,2399.3 3 0
github.com/chiyutianyi/grpcfuse/pb/raw_file_system.pb.go:2402.39,2404.2 1 0
github.com/chiyutianyi/grpcfuse/pb/raw_file_system.pb.go:2406.37,2406.38 0 0
github.com/chiyutianyi/grpcfuse/pb/raw_file_system.pb.go:2408.59,2410.41 2 0
github.com/chiyutianyi/grpcfuse/pb/raw_file_system.pb.go:2410.41,2412.34 2 0
github.com/chiyutianyi/grpcfuse/pb/raw_file_system.pb.go:2412.34,2414.4 1 0
github.com/chiyutianyi/grpcfuse/pb/raw_file_system.pb.go:2415.3,2415.12 1 0
github.com/chiyutianyi/grpcfuse/pb/raw_file_system.pb.go:2417.2,2417.24 1 0
github.com/chiyutianyi/grpcfuse/pb/raw_file_system.pb.go:2421.50,2423.2 1 0
github.com/chiyutianyi/grpcfuse/pb/raw_file_system.pb.go:2425.43,2426.14 1 0
github.com/chiyutianyi/grpcfuse/pb/raw_file_system.pb.go:2426.14,2428.3 1 0
github.com/chiyutianyi/grpcfuse/pb/raw_file_system.pb.go:2429.2,2429.12 1 0
github.com/chiyutianyi/grpcfuse/pb/raw_file_system.pb.go:2441.32,2443.29 2 0
github.com/chiyutianyi/grpcfuse/pb/raw_file_system.pb.go:2443.29,2447.3 3 0
github.com/chiyutianyi/grpcfuse/pb/raw_file_system.pb.go:2450.40,2452.2 1 0
github.com/chiyutianyi/grpcfuse/pb/raw_file_system.pb.go:2454.38,2454.39 0 0
github.com/chiyutianyi/grpcfuse/pb/raw_file_system.pb.go:2456.60,2458.41 2 0
github.com/chiyutianyi/grpcfuse/pb/raw_file_system.pb.go:2458.41,2460.34 2 0
github.com/chiyutianyi/grpcfuse/pb/raw_file_system.pb.go:2460.34,2462.4 1 0
github.com/chiyutianyi/grpcfuse/pb/raw_file_system.pb.go:2463.3,2463.12 1 0
github.com/chiyutianyi/grpcfuse/pb/raw_file_system.pb.go:2465.2,2465.24 1 0
github.com/chiyutianyi/grpcfuse/pb/raw_file_system.pb.go:2469.51,2471.2 1 0
github.com/chiyutianyi/grpcfuse/pb/raw_file_system.pb.go:2473.44,2474.14 1 0
github.com/chiyutianyi/grpcfuse/pb/raw_file_system.pb.go:2474.14,2476.3 1 0
github.com/chiyutianyi/grpcfuse/pb/raw_file_system.pb.go:2477.2,2477.12 1 0
github.com/chiyutianyi/grpcfuse/pb/raw_file_system.pb.go:2480.43,2481.14 1 0
github.com/chiyutianyi/grpcfuse/pb/raw_file_system.pb.go:2481.14,2483.3 1 0
github.com/chiyutianyi/grpcfuse/pb/raw_file_system.pb.go:2484.2,2484.12 1 0
github.com/chiyutianyi/grpcfuse/pb/raw_file_system.pb.go:2499.32,2501.29 2 0
github.com/chiyutianyi/grpcfuse/pb/raw_file_system.pb.go:2501.29,2505.3 3 0
github.com/chiyutianyi/grpcfuse/pb/raw_file_system.pb.go:2508.40,2510.2 1 0
github.com/chiyutianyi/grpcfuse/pb/raw_file_system.pb.go:2512.38,2512.39 0 0
github.com/chiyutianyi/grpcfuse/pb/raw_file_system.pb.go:2514.60,2516.41 2 0
github.com/chiyutianyi/grpcfuse/pb/raw_file_system.pb.go:2516.41,2518.34 2 0
github.com/chiyutianyi/grpcfuse/pb/raw_file_system.pb.go:2518.34,2520.4 1 0
github.com/chiyutianyi/grpcfuse/pb/raw_file_system.pb.go:2521.3,2521.12 1 0
github.com/chiyutianyi/grpcfuse/pb/raw_file_system.pb.go:2523.2,2523.24 1 0
github.com/chiyutianyi/grpcfuse/pb/raw_file_system.pb.go:2527.51,2529.2 1 0
github.com/chiyutianyi/grpcfuse/pb/raw_file_system.pb.go:2531.46,2532.14 1 0
github.com/chiyutianyi/grpcfuse/pb/raw_file_system.pb.go:2532.14,2534.3 1 0
github.com/chiyutianyi/grpcfuse/pb/raw_file_system.pb.go:2535.2,2535.12 1 0
github.com/chiyutianyi/grpcfuse/pb/raw_file_system.pb.go:2538.39,2539.14 1 0
github.com/chiyutianyi/grpcfuse/pb/raw_file_system.pb.go:2539.14,2541.3 1 0
github.com/chiyutianyi/grpcfuse/pb/raw_file_system.pb.go:2542.2,2542.10 1 0
github.com/chiyutianyi/grpcfuse/pb/raw_file_system.pb.go:2545.43,2546.14 1 0
github.com/chiyutianyi/grpcfuse/pb/raw_file_system.pb.go:2546.14,2548.3 1 0
github.com/chiyutianyi/grpcfuse/pb/raw_file_system.pb.go:2549.2,2549.10 1 0
github.com/chiyutianyi/grpcfuse/pb/raw_file_system.pb.go:2552.43,2553.14 1 0
github.com/chiyutianyi/grpcfuse/pb/raw_file_system.pb.go:2553.14,2555.3 1 0
github.com/chiyutianyi/grpcfuse/pb/raw_file_system.pb.go:2556.2,2556.10 1 0
github.com/chiyutianyi/grpcfuse/pb/raw_file_system.pb.go:2559.44,2560.14 1 0
github.com/chiyutianyi/grpcfuse/pb/raw_file_system.pb.go:2560.14,2562.3 1 0
github.com/chiyutianyi/grpcfuse/pb/raw_file_system.pb.go:2563.2,2563.10 1 0
github.com/chiyutianyi/grpcfuse/pb/raw_file_system.pb.go:2575.33,2577.29 2 0
github.com/chiyutianyi/grpcfuse/pb/raw_file_system.pb.go:2577.29,2581.3 3 0
github.com/chiyutianyi/grpcfuse/pb/raw_file_system.pb.go:2584.41,2586.2 1 0
github.com/chiyutianyi/grpcfuse/pb/raw_file_system.pb.go:2588.39,2588.40 0 0
github.com/chiyutianyi/grpcfuse/pb/raw_file_system.pb.go:2590.61,2592.41 2 0
github.com/chiyutianyi/grpcfuse/pb/raw_file_system.pb.go:2592.41,2594.34 2 0
github.com/chiyutianyi/grpcfuse/pb/raw_file_system.pb.go:2594.34,2596.4 1 0
github.com/chiyutianyi/grpcfuse/pb/raw_file_system.pb.go:2597.3,2597.12 1 0
github.com/chiyutianyi/grpcfuse/pb/raw_file_system.pb.go:2599.2,2599.24 1 0
github.com/chiyutianyi/grpcfuse/pb/raw_file_system.pb.go:2603.52,2605.2 1 0
github.com/chiyutianyi/grpcfuse/pb/raw_file_system.pb.go:2607.45,2608.14 1 0
github.com/chiyutianyi/grpcfuse/pb/raw_file_system.pb.go:2608.14,2610.3 1 0
github.com/chiyutianyi/grpcfuse/pb/raw_file_system.pb.go:2611.2,2611.12 1 0
github.com/chiyutianyi/grpcfuse/pb/raw_file_system.pb.go:2614.44,2615.14 1 0
github.com/chiyutianyi/grpcfuse/pb/raw_file_system.pb.go:2615.14,2617.3 1 0
github.com/chiyutianyi/grpcfuse/pb/raw_file_system.pb.go:2618.2,2618.10 1 0
github.com/chiyutianyi/grpcfuse/pb/raw_file_system.pb.go:2634.29,2636.29 2 0
github.com/chiyutianyi/grpcfuse/pb/raw_file_system.pb.go:2636.29,2640.3 3 0
github.com/chiyutianyi/grpcfuse/pb/raw_file_system.pb.go:2643.37,2645.2 1 0
github.com/chiyutianyi/grpcfuse/pb/raw_file_system.pb.go:2647.35,2647.36 0 0
github.com/chiyutianyi/grpcfuse/pb/raw_file_system.pb.go:2649.57,2651.41 2 0
github.com/chiyutianyi/grpcfuse/pb/raw_file_system.pb.go:2651.41,2653.34 2 0
github.com/chiyutianyi/grpcfuse/pb/raw_file_system.pb.go:2653.34,2655.4 1 0
github.com/chiyutianyi/grpcfuse/pb/raw_file_system.pb.go:2656.3,2656.12 1 0
github.com/chiyutianyi/grpcfuse/pb/raw_file_system.pb.go:2658.2,2658.24 1 0
github.com/chiyutianyi/grpcfuse/pb/raw_file_system.pb.go:2662.48,2664.2 1 0
github.com/chiyutianyi/grpcfuse/pb/raw_file_system.pb.go:2666.43,2667.14 1 0
github.com/chiyutianyi/grpcfuse/pb/raw_file_system.pb.go:2667.14,2669.3 1 0
github.com/chiyutianyi/grpcfuse/pb/raw_file_system.pb.go:2670.2,2670.12 1 0
github.com/chiyutianyi/grpcfuse/pb/raw_file_system.pb.go:2673.36,2674.14 1 0
github.com/chiyutianyi/grpcfuse/pb/raw_file_system.pb.go:2674.14,2676.3 1 0
github.com/chiyutianyi/grpcfuse/pb/raw_file_system.pb.go:2677.2,2677.10 1 0
github.com/chiyutianyi/grpcfuse/pb/raw_file_system.pb.go:2680.39,2681.14 1 0
github.com/chiyutianyi/grpcfuse/pb/raw_file_system.pb.go:2681.14,2683.3 1 0
github.com/chiyutianyi/grpcfuse/pb/raw_file_system.pb.go:2684.2,2684.10 1 0
github.com/chiyutianyi/grpcfuse/pb/raw_file_system.pb.go:2687.39,2688.14 1 0
github.com/chiyutianyi/grpcfuse/pb/raw_file_system.pb.go:2688.14,2690.3 1 0
github.com/chiyutianyi/grpcfuse/pb/raw_file_system.pb.go:2691.2,2691.12 1 0
github.com/chiyutianyi/grpcfuse/pb/raw_file_system.pb.go:2694.41,2695.14 1 0
github.com/chiyutianyi/grpcfuse/pb/raw_file_system.pb.go:2695.14,2697.3 1 0
github.com/chiyutianyi/grpcfuse/pb/raw_file_system.pb.go:2698.2,2698.10 1 0
github.com/chiyutianyi/grpcfuse/pb/raw_file_system.pb.go:2701.41,2702.14 1 0
github.com/chiyutianyi/grpcfuse/pb/raw_file_system.pb.go:2702.14,2704.3 1 0
github.com/chiyutianyi/grpcfuse/pb/raw_file_system.pb.go:2705.2,2705.10 1 0
github.com/chiyutianyi/grpcfuse/pb/raw_file_system.pb.go:2717.33,2719.29 2 0
github.com/chiyutianyi/grpcfuse/pb/raw_file_system.pb.go:2719.29,2723.3 3 0
github.com/chiyutianyi/grpcfuse/pb/raw_file_system.pb.go:2726.41,2728.2 1 0
github.com/chiyutianyi/grpcfuse/pb/raw_file_system.pb.go:2730.39,2730.40 0 0
github.com/chiyutianyi/grpcfuse/pb/raw_file_system.pb.go:2732.61,2734.41 2 0
github.com/chiyutianyi/grpcfuse/pb/raw_file_system.pb.go:2734.41,2736.34 2 0
github.com/chiyutianyi/grpcfuse/pb/raw_file_system.pb.go:2736.34,2738.4 1 0
github.com/chiyutianyi/grpcfuse/pb/raw_file_system.pb.go:2739.3,2739.12 1 0
github.com/chiyutianyi/grpcfuse/pb/raw_file_system.pb.go:2741.2,2741.24 1 0
github.com/chiyutianyi/grpcfuse/pb/raw_file_system.pb.go:2745.52,2747.2 1 0
github.com/chiyutianyi/grpcfuse/pb/raw_file_system.pb.go:2749.45,2750.14 1 0
github.com/chiyutianyi/grpcfuse/pb/raw_file_system.pb.go:2750.14,2752.3 1 0
github.com/chiyutianyi/grpcfuse/pb/raw_file_system.pb.go:2753.2,2753.12 1 0
github.com/chiyutianyi/grpcfuse/pb/raw_file_system.pb.go:2756.43,2757.14 1 0
github.com/chiyutianyi/grpcfuse/pb/raw_file_system.pb.go:2757.14,2759.3 1 0
github.com/chiyutianyi/grpcfuse/pb/raw_file_system.pb.go:2760.2,2760.12 1 0
github.com/chiyutianyi/grpcfuse/pb/raw_file_system.pb.go:2771.33,2773.29 2 0
github.com/chiyutianyi/grpcfuse/pb/raw_file_system.pb.go:2773.29,2777.3 3 0
github.com/chiyutianyi/grpcfuse/pb/raw_file_system.pb.go:2780.41,2782.2 1 0
github.com/chiyutianyi/grpcfuse/pb/raw_file_system.pb.go:2784.39,2784.40 0 0
github.com/chiyutianyi/grpcfuse/pb/raw_file_system.pb.go:2786.61,2788.41 2 0
github.com/chiyutianyi/grpcfuse/pb/raw_file_system.pb.go:2788.41,2790.34 2 0
github.com/chiyutianyi/grpcfuse/pb/raw_file_system.pb.go:2790.34,2792.4 1 0
github.com/chiyutianyi/grpcfuse/pb/raw_file_system.pb.go:2793.3,2793.12 1 0
github.com/chiyutianyi/grpcfuse/pb/raw_file_system.pb.go:2795.2,2795.24 1 0
github.com/chiyutianyi/grpcfuse/pb/raw_file_system.pb.go:2799.52,2801.2 1 0
github.com/chiyutianyi/grpcfuse/pb/raw_file_system.pb.go:2803.45,2804.14 1 0
github.com/chiyutianyi/grpcfuse/pb/raw_file_system.pb.go:2804.14,2806.3 1 0
github.com/chiyutianyi/grpcfuse/pb/raw_file_system.pb.go:2807.2,2807.12 1 0
github.com/chiyutianyi/grpcfuse/pb/raw_file_system.pb.go:2822.34,2824.29 2 0
github.com/chiyutianyi/grpcfuse/pb/raw_file_system.pb.go:2824.29,2828.3 3 0
github.com/chiyutianyi/grpcfuse/pb/raw_file_system.pb.go:2831.42,2833.2 1 0
github.com/chiyutianyi/grpcfuse/pb/raw_file_system.pb.go:2835.40,2835.41 0 0
github.com/chiyutianyi/grpcfuse/pb/raw_file_system.pb.go:2837.62,2839.41 2 0
github.com/chiyutianyi/grpcfuse/pb/raw_file_system.pb.go:2839.41,2841.34 2 0
github.com/chiyutianyi/grpcfuse/pb/raw_file_system.pb.go:2841.34,2843.4 1 0
github.com/chiyutianyi/grpcfuse/pb/raw_file_system.pb.go:2844.3,2844.12 1 0
github.com/chiyutianyi/grpcfuse/pb/raw_file_system.pb.go:2846.2,2846.24 1 0
github.com/chiyutianyi/grpcfuse/pb/raw_file_system.pb.go:2850.53,2852.2 1 0
github.com/chiyutianyi/grpcfuse/pb/raw_file_system.pb.go:2854.48,2855.14 1 0
github.com/chiyutianyi/grpcfuse/pb/raw_file_system.pb.go:2855.14,2857.3 1 0
github.com/chiyutianyi/grpcfuse/pb/raw_file_system.pb.go:2858.2,2858.12 1 0
github.com/chiyutianyi/grpcfuse/pb/raw_file_system.pb.go:2861.41,2862.14 1 0
github.com/chiyutianyi/grpcfuse/pb/raw_file_system.pb.go:2862.14,2864.3 1 0
github.com/chiyutianyi/grpcfuse/pb/raw_file_system.pb.go:2865.2,2865.10 1 0
github.com/chiyutianyi/grpcfuse/pb/raw_file_system.pb.go:2868.44,2869.14 1 0
github.com/chiyutianyi/grpcfuse/pb/raw_file_system.pb.go:2869.14,2871.3 1 0
github.com/chiyutianyi/grpcfuse/pb/raw_file_system.pb.go:2872.2,2872.10 1 0
github.com/chiyutianyi/grpcfuse/pb/raw_file_system.pb.go:2875.51,2876.14 1 0
github.com/chiyutianyi/grpcfuse/pb/raw_file_system.pb.go:2876.14,2878.3 1 0
github.com/chiyutianyi/grpcfuse/pb/raw_file_system.pb.go:2879.2,2879.10 1 0
github.com/chiyutianyi/grpcfuse/pb/raw_file_system.pb.go:2882.48,2883.14 1 0
github.com/chiyutianyi/grpcfuse/pb/raw_file_system.pb.go:2883.14,2885.3 1 0
github.com/chiyutianyi/grpcfuse/pb/raw_file_system.pb.go:2886.2,2886.10 1 0
github.com/chiyutianyi/grpcfuse/pb/raw_file_system.pb.go:2905.32,2907.29 2 0
github.com/chiyutianyi/grpcfuse/pb/raw_file_system.pb.go:2907.29,2911.3 3 0
github.com/chiyutianyi/grpcfuse/pb/raw_file_system.pb.go:2914.40,2916.2 1 0
github.com/chiyutianyi/grpcfuse/pb/raw_file_system.pb.go:2918.38,2918.39 0 0
github.com/chiyutianyi/grpcfuse/pb/raw_file_system.pb.go:2920.60,2922.41 2 0
github.com/chiyutianyi/grpcfuse/pb/raw_file_system.pb.go:2922.41,2924.34 2 0
github.com/chiyutianyi/grpcfuse/pb/raw_file_system.pb.go:2924.34,2926.4 1 0
github.com/chiyutianyi/grpcfuse/pb/raw_file_system.pb.go:2927.3,2927.12 1 0
github.com/chiyutianyi/grpcfuse/pb/raw_file_system.pb.go:2929.2,2929.24 1 0
github.com/chiyutianyi/grpcfuse/pb/raw_file_system.pb.go:2933.51,2935.2 1 0
github.com/chiyutianyi/grpcfuse/pb/raw_file_system.pb.go:2937.46,2938.14 1 0
github.com/chiyutianyi/grpcfuse/pb/raw_file_system.pb.go:2938.14,2940.3 1 0
github.com/chiyutianyi/grpcfuse/pb/raw_file_system.pb.go:2941.2,2941.12 1 0
github.com/chiyutianyi/grpcfuse/pb/raw_file_system.pb.go:2944.39,2945.14 1 0
github.com/chiyutianyi/grpcfuse/pb/raw_file_system.pb.go:2945.14,2947.3 1 0
github.com/chiyutianyi/grpcfuse/pb/raw_file_system.pb.go:2948.2,2948.10 1 0
github.com/chiyutianyi/grpcfuse/pb/raw_file_system.pb.go:2951.43,2952.14 1 0
github.com/chiyutianyi/grpcfuse/pb/raw_file_system.pb.go:2952.14,2954.3 1 0
github.com/chiyutianyi/grpcfuse/pb/raw_file_system.pb.go:2955.2,2955.10 1 0
github.com/chiyutianyi/grpcfuse/pb/raw_file_system.pb.go:2958.41,2959.14 1 0
github.com/chiyutianyi/grpcfuse/pb/raw_file_system.pb.go:2959.14,2961.3 1 0
github.com/chiyutianyi/grpcfuse/pb/raw_file_system.pb.go:2962.2,2962.12 1 0
github.com/chiyutianyi/grpcfuse/pb/raw_file_system.pb.go:2965.41,2966.14 1 0
github.com/chiyutianyi/grpcfuse/pb/raw_file_system.pb.go:2966.14,2968.3 1 0
github.com/chiyutianyi/grpcfuse/pb/raw_file_system.pb.go:2969.2,2969.10 1 0
github.com/chiyutianyi/grpcfuse/pb/raw_file_system.pb.go:2972.47,2973.14 1 0
github.com/chiyutianyi/grpcfuse/pb/raw_file_system.pb.go:2973.14,2975.3 1 0
github.com/chiyutianyi/grpcfuse/pb/raw_file_system.pb.go:2976.2,2976.10 1 0
github.com/chiyutianyi/grpcfuse/pb/raw_file_system.pb.go:2979.46,2980.14 1 0
github.com/chiyutianyi/grpcfuse/pb/raw_file_system.pb.go:2980.14,2982.3 1 0
github.com/chiyutianyi/grpcfuse/pb/raw_file_system.pb.go:2983.2,2983.10 1 0
github.com/chiyutianyi/grpcfuse/pb/raw_file_system.pb.go:2986.42,2987.14 1 0
github.com/chiyutianyi/grpcfuse/pb/raw_file_system.pb.go:2987.14,2989.3 1 0
github.com/chiyutianyi/grpcfuse/pb/raw_file_system.pb.go:2990.2,2990.10 1 0
github.com/chiyutianyi/grpcfuse/pb/raw_file_system.pb.go:2993.44,2994.14 1 0
github.com/chiyutianyi/grpcfuse/pb/raw_file_system.pb.go:2994.14,2996.3 1 0
github.com/chiyutianyi/grpcfuse/pb/raw_file_system.pb.go:2997.2,2997.10 1 0
github.com/chiyutianyi/grpcfuse/pb/raw_file_system.pb.go:3009.33,3011.29 2 0
github.com/chiyutianyi/grpcfuse/pb/raw_file_system.pb.go:3011.29,3015.3 3 0
github.com/chiyutianyi/grpcfuse/pb/raw_file_system.pb.go:3018.41,3020.2 1 0
github.com/chiyutianyi/grpcfuse/pb/raw_file_system.pb.go:3022.39,3022.40 0 0
github.com/chiyutianyi/grpcfuse/pb/raw_file_system.pb.go:3024.61,3026.41 2 0
github.com/chiyutianyi/grpcfuse/pb/raw_file_system.pb.go:3026.41,3028.34 2 0
github.com/chiyutianyi/grpcfuse/pb/raw_file_system.pb.go:3028.34,3030.4 1 0
github.com/chiyutianyi/grpcfuse/pb/raw_file_system.pb.go:3031.3,3031.12 1 0
github.com/chiyutianyi/grpcfuse/pb/raw_file_system.pb.go:3033.2,3033.24 1 0
github.com/chiyutianyi/grpcfuse/pb/raw_file_system.pb.go:3037.52,3039.2 1 0
github.com/chiyutianyi/grpcfuse/pb/raw_file_system.pb.go:3041.45,3042.14 1 0
github.com/chiyutianyi/grpcfuse/pb/raw_file_system.pb.go:3042.14,3044.3 1 0
github.com/chiyutianyi/grpcfuse/pb/raw_file_system.pb.go:3045.2,3045.12 1 0
github.com/chiyutianyi/grpcfuse/pb/raw_file_system.pb.go:3048.45,3049.14 1 0
github.com/chiyutianyi/grpcfuse/pb/raw_file_system.pb.go:3049.14,3051.3 1 0
github.com/chiyutianyi/grpcfuse/pb/raw_file_system.pb.go:3052.2,3052.10 1 0
github.com/chiyutianyi/grpcfuse/pb/raw_file_system.pb.go:3070.40,3072.29 2 0
github.com/chiyutianyi/grpcfuse/pb/raw_file_system.pb.go:3072.29,3076.3 3 0
github.com/chiyutianyi/grpcfuse/pb/raw_file_system.pb.go:3079.48,3081.2 1 0
github.com/chiyutianyi/grpcfuse/pb/raw_file_system.pb.go:3083.46,3083.47 0 0
github.com/chiyutianyi/grpcfuse/pb/raw_file_system.pb.go:3085.68,3087.41 2 0
github.com/chiyutianyi/grpcfuse/pb/raw_file_system.pb.go:3087.41,3089.34 2 0
github.com/chiyutianyi/grpcfuse/pb/raw_file_system.pb.go:3089.34,3091.4 1 0
github.com/chiyutianyi/grpcfuse/pb/raw_file_system.pb.go:3092.3,3092.12 1 0
github.com/chiyutianyi/grpcfuse/pb/raw_file_system.pb.go:3094.2,3094.24 1 0
github.com/chiyutianyi/grpcfuse/pb/raw_file_system.pb.go:3098.59,3100.2 1 0
github.com/chiyutianyi/grpcfuse/pb/raw_file_system.pb.go:3102.54,3103.14 1 0
github.com/chiyutianyi/grpcfuse/pb/raw_file_system.pb.go:3103.14,3105.3 1 0
github.com/chiyutianyi/grpcfuse/pb/raw_file_system.pb.go:3106.2,3106.12 1 0
github.com/chiyutianyi/grpcfuse/pb/raw_file_system.pb.go:3109.49,3110.14 1 0
github.com/chiyutianyi/grpcfuse/pb/raw_file_system.pb.go:3110.14,3112.3 1 0
github.com/chiyutianyi/grpcfuse/pb/raw_file_system.pb.go:3113.2,3113.10 1 0
github.com/chiyutianyi/grpcfuse/pb/raw_file_system.pb.go:3116.50,3117.14 1 0
github.com/chiyutianyi/grpcfuse/pb/raw_file_system.pb.go:3117.14,3119.3 1 0
github.com/chiyutianyi/grpcfuse/pb/raw_file_system.pb.go:3120.2,3120.10 1 0
github.com/chiyutianyi/grpcfuse/pb/raw_file_system.pb.go:3123.54,3124.14 1 0
github.com/chiyutianyi/grpcfuse/pb/raw_file_system.pb.go:3124.14,3126.3 1 0
github.com/chiyutianyi/grpcfuse/pb/raw_file_system.pb.go:3127.2,3127.10 1 0
github.com/chiyutianyi/grpcfuse/pb/raw_file_system.pb.go:3130.50,3131.14 1 0
github.com/chiyutianyi/grpcfuse/pb/raw_file_system.pb.go:3131.14,3133.3 1 0
github.com/chiyutianyi/grpcfuse/pb/raw_file_system.pb.go:3134.2,3134.10 1 0
github.com/chiyutianyi/grpcfuse/pb/raw_file_system.pb.go:3137.51,3138.14 1 0
github.com/chiyutianyi/grpcfuse/pb/raw_file_system.pb.go:3138.14,3140.3 1 0
github.com/chiyutianyi/grpcfuse/pb/raw_file_system.pb.go:3141.2,3141.10 1 0
github.com/chiyutianyi/grpcfuse/pb/raw_file_system.pb.go:3144.48,3145.14 1 0
github.com/chiyutianyi/grpcfuse/pb/raw_file_system.pb.go:3145.14,3147.3 1 0
github.com/chiyutianyi/grpcfuse/pb/raw_file_system.pb.go:3148.2,3148.10 1 0
github.com/chiyutianyi/grpcfuse/pb/raw_file_system.pb.go:3151.50,3152.14 1 0
github.com/chiyutianyi/grpcfuse/pb/raw_file_system.pb.go:3152.14,3154.3 1 0
github.com/chiyutianyi/grpcfuse/pb/raw_file_system.pb.go:3155.2,3155.10 1 0
github.com/chiyutianyi/grpcfuse/pb/raw_file_system.pb.go:3167.41,3169.29 2 0
github.com/chiyutianyi/grpcfuse/pb/raw_file_system.pb.go:3169.29,3173.3 3 0
github.com/chiyutianyi/grpcfuse/pb/raw_file_system.pb.go:3176.49,3178.2 1 0
github.com/chiyutianyi/grpcfuse/pb/raw_file_system.pb.go:3180.47,3180.48 0 0
github.com/chiyutianyi/grpcfuse/pb/raw_file_system.pb.go:3182.69,3184.41 2 0
github.com/chiyutianyi/grpcfuse/pb/raw_file_system.pb.go:3184.41,3186.34 2 0
github.com/chiyutianyi/grpcfuse/pb/raw_file_system.pb.go:3186.34,3188.4 1 0
github.com/chiyutianyi/grpcfuse/pb/raw_file_system.pb.go:3189.3,3189.12 1 0
github.com/chiyutianyi/grpcfuse/pb/raw_file_system.pb.go:3191.2,3191.24 1 0
github.com/chiyutianyi/grpcfuse/pb/raw_file_system.pb.go:3195.60,3197.2 1 0
github.com/chiyutianyi/grpcfuse/pb/raw_file_system.pb.go:3199.53,3200.14 1 0
github.com/chiyutianyi/grpcfuse/pb/raw_file_system.pb.go:3200.14,3202.3 1 0
github.com/chiyutianyi/grpcfuse/pb/raw_file_system.pb.go:3203.2,3203.12 1 0
github.com/chiyutianyi/grpcfuse/pb/raw_file_system.pb.go:3206.53,3207.14 1 0
github.com/chiyutianyi/grpcfuse/pb/raw_file_system.pb.go:3207.14,3209.3 1 0
github.com/chiyutianyi/grpcfuse/pb/raw_file_system.pb.go:3210.2,3210.10 1 0
github.com/chiyutianyi/grpcfuse/pb/raw_file_system.pb.go:3225.32,3227.29 2 0
github.com/chiyutianyi/grpcfuse/pb/raw_file_system.pb.go:3227.29,3231.3 3 0
github.com/chiyutianyi/grpcfuse/pb/raw_file_system.pb.go:3234.40,3236.2 1 0
github.com/chiyutianyi/grpcfuse/pb/raw_file_system.pb.go:3238.38,3238.39 0 0
github.com/chiyutianyi/grpcfuse/pb/raw_file_system.pb.go:3240.60,3242.41 2 0
github.com/chiyutianyi/grpcfuse/pb/raw_file_system.pb.go:3242.41,3244.34 2 0
github.com/chiyutianyi/grpcfuse/pb/raw_file_system.pb.go:3244.34,3246.4 1 0
github.com/chiyutianyi/grpcfuse/pb/raw_file_system.pb.go:3247.3,3247.12 1 0
github.com/chiyutianyi/grpcfuse/pb/raw_file_system.pb.go:3249.2,3249.24 1 0
github.com/chiyutianyi/grpcfuse/pb/raw_file_system.pb.go:3253.51,3255.2 1 0
github.com/chiyutianyi/grpcfuse/pb/raw_file_system.pb.go:3257.46,3258.14 1 0
github.com/chiyutianyi/grpcfuse/pb/raw_file_system.pb.go:3258.14,3260.3 1 0
github.com/chiyutianyi/grpcfuse/pb/raw_file_system.pb.go:3261.2,3261.12 1 0
github.com/chiyutianyi/grpcfuse/pb/raw_file_system.pb.go:3264.39,3265.14 1 0
github.com/chiyutianyi/grpcfuse/pb/raw_file_system.pb.go:3265.14,3267.3 1 0
github.com/chiyutianyi/grpcfuse/pb/raw_file_system.pb.go:3268.2,3268.10 1 0
github.com/chiyutianyi/grpcfuse/pb/raw_file_system.pb.go:3271.43,3272.14 1 0
github.com/chiyutianyi/grpcfuse/pb/raw_file_system.pb.go:3272.14,3274.3 1 0
github.com/chiyutianyi/grpcfuse/pb/raw_file_system.pb.go:3275.2,3275.10 1 0
github.com/chiyutianyi/grpcfuse/pb/raw_file_system.pb.go:3278.44,3279.14 1 0
github.com/chiyutianyi/grpcfuse/pb/raw_file_system.pb.go:3279.14,3281.3 1 0
github.com/chiyutianyi/grpcfuse/pb/raw_file_system.pb.go:3282.2,3282.10 1 0
github.com/chiyutianyi/grpcfuse/pb/raw_file_system.pb.go:3285.46,3286.14 1 0
github.com/chiyutianyi/grpcfuse/pb/raw_file_system.pb.go:3286.14,3288.3 1 0
github.com/chiyutianyi/grpcfuse/pb/raw_file_system.pb.go:3289.2,3289.10 1 0
github.com/chiyutianyi/grpcfuse/pb/raw_file_system.pb.go:3300.33,3302.29 2 0
github.com/chiyutianyi/grpcfuse/pb/raw_file_system.pb.go:3302.29,3306.3 3 0
github.com/chiyutianyi/grpcfuse/pb/raw_file_system.pb.go:3309.41,3311.2 1 0
github.com/chiyutianyi/grpcfuse/pb/raw_file_system.pb.go:3313.39,3313.40 0 0
github.com/chiyutianyi/grpcfuse/pb/raw_file_system.pb.go:3315.61,3317.41 2 0
github.com/chiyutianyi/grpcfuse/pb/raw_file_system.pb.go:3317.41,3319.34 2 0
github.com/chiyutianyi/grpcfuse/pb/raw_file_system.pb.go:3319.34,3321.4 1 0
github.com/chiyutianyi/grpcfuse/pb/raw_file_system.pb.go:3322.3,3322.12 1 0
github.com/chiyutianyi/grpcfuse/pb/raw_file_system.pb.go:3324.2,3324.24 1 0
github.com/chiyutianyi/grpcfuse/pb/raw_file_system.pb.go:3328.52,3330.2 1 0
github.com/chiyutianyi/grpcfuse/pb/raw_file_system.pb.go:3332.45,3333.14 1 0
github.com/chiyutianyi/grpcfuse/pb/raw_file_system.pb.go:3333.14,3335.3 1 0
github.com/chiyutianyi/grpcfuse/pb/raw_file_system.pb.go:3336.2,3336.12 1 0
github.com/chiyutianyi/grpcfuse/pb/raw_file_system.pb.go:3350.32,3352.29 2 0
github.com/chiyutianyi/grpcfuse/pb/raw_file_system.pb.go:3352.29,3356.3 3 0
github.com/chiyutianyi/grpcfuse/pb/raw_file_system.pb.go:3359.40,3361.2 1 0
github.com/chiyutianyi/grpcfuse/pb/raw_file_system.pb.go:3363.38,3363.39 0 0
github.com/chiyutianyi/grpcfuse/pb/raw_file_system.pb.go:3365.60,3367.41 2 0
github.com/chiyutianyi/grpcfuse/pb/raw_file_system.pb.go:3367.41,3369.34 2 0
github.com/chiyutianyi/grpcfuse/pb/raw_file_system.pb.go:3369.34,3371.4 1 0
github.com/chiyutianyi/grpcfuse/pb/raw_file_system.pb.go:3372.3,3372.12 1 0
github.com/chiyutianyi/grpcfuse/pb/raw_file_system.pb.go:3374.2,3374.24 1 0
github.com/chiyutianyi/grpcfuse/pb/raw_file_system.pb.go:3378.51,3380.2 1 0
github.com/chiyutianyi/grpcfuse/pb/raw_file_system.pb.go:3382.46,3383.14 1 0
github.com/chiyutianyi/grpcfuse/pb/raw_file_system.pb.go:3383.14,3385.3 1 0
github.com/chiyutianyi/grpcfuse/pb/raw_file_system.pb.go:3386.2,3386.12 1 0
github.com/chiyutianyi/grpcfuse/pb/raw_file_system.pb.go:3389.39,3390.14 1 0
github.com/chiyutianyi/grpcfuse/pb/raw_file_system.pb.go:3390.14,3392.3 1 0
github.com/chiyutianyi/grpcfuse/pb/raw_file_system.pb.go:3393.2,3393.10 1 0
github.com/chiyutianyi/grpcfuse/pb/raw_file_system.pb.go:3396.47,3397.14 1 0
github.com/chiyutianyi/grpcfuse/pb/raw_file_system.pb.go:3397.14,3399.3 1 0
github.com/chiyutianyi/grpcfuse/pb/raw_file_system.pb.go:3400.2,3400.10 1 0
github.com/chiyutianyi/grpcfuse/pb/raw_file_system.pb.go:3403.44,3404.14 1 0
github.com/chiyutianyi/grpcfuse/pb/raw_file_system.pb.go:3404.14,3406.3 1 0
github.com/chiyutianyi/grpcfuse/pb/raw_file_system.pb.go:3407.2,3407.10 1 0
github.com/chiyutianyi/grpcfuse/pb/raw_file_system.pb.go:3418.33,3420.29 2 0
github.com/chiyutianyi/grpcfuse/pb/raw_file_system.pb.go:3420.29,3424.3 3 0
github.com/chiyutianyi/grpcfuse/pb/raw_file_system.pb.go:3427.41,3429.2 1 0
github.com/chiyutianyi/grpcfuse/pb/raw_file_system.pb.go:3431.39,3431.40 0 0
github.com/chiyutianyi/grpcfuse/pb/raw_file_system.pb.go:3433.61,3435.41 2 0
github.com/chiyutianyi/grpcfuse/pb/raw_file_system.pb.go:3435.41,3437.34 2 0
github.com/chiyutianyi/grpcfuse/pb/raw_file_system.pb.go:3437.34,3439.4 1 0
github.com/chiyutianyi/grpcfuse/pb/raw_file_system.pb.go:3440.3,3440.12 1 0
github.com/chiyutianyi/grpcfuse/pb/raw_file_system.pb.go:3442.2,3442.24 1 0
github.com/chiyutianyi/grpcfuse/pb/raw_file_system.pb.go:3446.52,3448.2 1 0
github.com/chiyutianyi/grpcfuse/pb/raw_file_system.pb.go:3450.45,3451.14 1 0
github.com/chiyutianyi/grpcfuse/pb/raw_file_system.pb.go:3451.14,3453.3 1 0
github.com/chiyutianyi/grpcfuse/pb/raw_file_system.pb.go:3454.2,3454.12 1 0
github.com/chiyutianyi/grpcfuse/pb/raw_file_system.pb.go:3470.36,3472.29 2 0
github.com/chiyutianyi/grpcfuse/pb/raw_file_system.pb.go:3472.29,3476.3 3 0
github.com/chiyutianyi/grpcfuse/pb/raw_file_system.pb.go:3479.44,3481.2 1 0
github.com/chiyutianyi/grpcfuse/pb/raw_file_system.pb.go:3483.42,3483.43 0 0
github.com/chiyutianyi/grpcfuse/pb/raw_file_system.pb.go:3485.64,3487.41 2 0
github.com/chiyutianyi/grpcfuse/pb/raw_file_system.pb.go:3487.41,3489.34 2 0
github.com/chiyutianyi/grpcfuse/pb/raw_file_system.pb.go:3489.34,3491.4 1 0
github.com/chiyutianyi/grpcfuse/pb/raw_file_system.pb.go:3492.3,3492.12 1 0
github.com/chiyutianyi/grpcfuse/pb/raw_file_system.pb.go:3494.2,3494.24 1 0
github.com/chiyutianyi/grpcfuse/pb/raw_file_system.pb.go:3498.55,3500.2 1 0
github.com/chiyutianyi/grpcfuse/pb/raw_file_system.pb.go:3502.50,3503.14 1 0
github.com/chiyutianyi/grpcfuse/pb/raw_file_system.pb.go:3503.14,3505.3 1 0
github.com/chiyutianyi/grpcfuse/pb/raw_file_system.pb.go:3506.2,3506.12 1 0
github.com/chiyutianyi/grpcfuse/pb/raw_file_system.pb.go:3509.43,3510.14 1 0
github.com/chiyutianyi/grpcfuse/pb/raw_file_system.pb.go:3510.14,3512.3 1 0
github.com/chiyutianyi/grpcfuse/pb/raw_file_system.pb.go:3513.2,3513.10 1 0
github.com/chiyutianyi/grpcfuse/pb/raw_file_system.pb.go:3516.47,3517.14 1 0
github.com/chiyutianyi/grpcfuse/pb/raw_file_system.pb.go:3517.14,3519.3 1 0
github.com/chiyutianyi/grpcfuse/pb/raw_file_system.pb.go:3520.2,3520.10 1 0
github.com/chiyutianyi/grpcfuse/pb/raw_file_system.pb.go:3523.47,3524.14 1 0
github.com/chiyutianyi/grpcfuse/pb/raw_file_system.pb.go:3524.14,3526.3 1 0
github.com/chiyutianyi/grpcfuse/pb/raw_file_system.pb.go:3527.2,3527.10 1 0
github.com/chiyutianyi/grpcfuse/pb/raw_file_system.pb.go:3530.45,3531.14 1 0
github.com/chiyutianyi/grpcfuse/pb/raw_file_system.pb.go:3531.14,3533.3 1 0
github.com/chiyutianyi/grpcfuse/pb/raw_file_system.pb.go:3534.2,3534.10 1 0
github.com/chiyutianyi/grpcfuse/pb/raw_file_system.pb.go:3537.48,3538.14 1 0
github.com/chiyutianyi/grpcfuse/pb/raw_file_system.pb.go:3538.14,3540.3 1 0
github.com/chiyutianyi/grpcfuse/pb/raw_file_system.pb.go:3541.2,3541.10 1 0
github.com/chiyutianyi/grpcfuse/pb/raw_file_system.pb.go:3552.37,3554.29 2 0
github.com/chiyutianyi/grpcfuse/pb/raw_file_system.pb.go:3554.29,3558.3 3 0
github.com/chiyutianyi/grpcfuse/pb/raw_file_system.pb.go:3561.45,3563.2 1 0
github.com/chiyutianyi/grpcfuse/pb/raw_file_system.pb.go:3565.43,3565.44 0 0
github.com/chiyutianyi/grpcfuse/pb/raw_file_system.pb.go:3567.65,3569.41 2 0
github.com/chiyutianyi/grpcfuse/pb/raw_file_system.pb.go:3569.41,3571.34 2 0
github.com/chiyutianyi/grpcfuse/pb/raw_file_system.pb.go:3571.34,3573.4 1 0
github.com/chiyutianyi/grpcfuse/pb/raw_file_system.pb.go:3574.3,3574.12 1 0
github.com/chiyutianyi/grpcfuse/pb/raw_file_system.pb.go:3576.2,3576.24 1 0
github.com/chiyutianyi/grpcfuse/pb/raw_file_system.pb.go:3580.56,3582.2 1 0
github.com/chiyutianyi/grpcfuse/pb/raw_file_system.pb.go:3584.49,3585.14 1 0
github.com/chiyutianyi/grpcfuse/pb/raw_file_system.pb.go:3585.14,3587.3 1 0
github.com/chiyutianyi/grpcfuse/pb/raw_file_system.pb.go:3588.2,3588.12 1 0
github.com/chiyutianyi/grpcfuse/pb/raw_file_system.pb.go:3599.34,3601.29 2 0
github.com/chiyutianyi/grpcfuse/pb/raw_file_system.pb.go:3601.29,3605.3 3 0
github.com/chiyutianyi/grpcfuse/pb/raw_file_system.pb.go:3608.42,3610.2 1 0
github.com/chiyutianyi/grpcfuse/pb/raw_file_system.pb.go:3612.40,3612.41 0 0
github.com/chiyutianyi/grpcfuse/pb/raw_file_system.pb.go:3614.62,3616.41 2 0
github.com/chiyutianyi/grpcfuse/pb/raw_file_system.pb.go:3616.41,3618.34 2 0
github.com/chiyutianyi/grpcfuse/pb/raw_file_system.pb.go:3618.34,3620.4 1 0
github.com/chiyutianyi/grpcfuse/pb/raw_file_system.pb.go:3621.3,3621.12 1 0
github.com/chiyutianyi/grpcfuse/pb/raw_file_system.pb.go:3623.2,3623.24 1 0
github.com/chiyutianyi/grpcfuse/pb/raw_file_system.pb.go:3627.53,3629.2 1 0
github.com/chiyutianyi/grpcfuse/pb/raw_file_system.pb.go:3631.46,3632.14 1 0
github.com/chiyutianyi/grpcfuse/pb/raw_file_system.pb.go:3632.14,3634.3 1 0
github.com/chiyutianyi/grpcfuse/pb/raw_file_system.pb.go:3635.2,3635.12 1 0
github.com/chiyutianyi/grpcfuse/pb/raw_file_system.pb.go:3647.35,3649.29 2 0
github.com/chiyutianyi/grpcfuse/pb/raw_file_system.pb.go:3649.29,3653.3 3 0
github.com/chiyutianyi/grpcfuse/pb/raw_file_system.pb.go:3656.43,3658.2 1 0
github.com/chiyutianyi/grpcfuse/pb/raw_file_system.pb.go:3660.41,3660.42 0 0
github.com/chiyutianyi/grpcfuse/pb/raw_file_system.pb.go:3662.63,3664.41 2 0
github.com/chiyutianyi/grpcfuse/pb/raw_file_system.pb.go:3664.41,3666.34 2 0
github.com/chiyutianyi/grpcfuse/pb/raw_file_system.pb.go:3666.34,3668.4 1 0
github.com/chiyutianyi/grpcfuse/pb/raw_file_system.pb.go:3669.3,3669.12 1 0
github.com/chiyutianyi/grpcfuse/pb/raw_file_system.pb.go:3671.2,3671.24 1 0
github.com/chiyutianyi/grpcfuse/pb/raw_file_system.pb.go:3675.54,3677.2 1 0
github.com/chiyutianyi/grpcfuse/pb/raw_file_system.pb.go:3679.47,3680.14 1 0
github.com/chiyutianyi/grpcfuse/pb/raw_file_system.pb.go:3680.14,3682.3 1 0
github.com/chiyutianyi/grpcfuse/pb/raw_file_system.pb.go:3683.2,3683.12 1 0
github.com/chiyutianyi/grpcfuse/pb/raw_file_system.pb.go:3686.49,3687.14 1 0
github.com/chiyutianyi/grpcfuse/pb/raw_file_system.pb.go:3687.14,3689.3 1 0
github.com/chiyutianyi/grpcfuse/pb/raw_file_system.pb.go:3690.2,3690.12 1 0
github.com/chiyutianyi/grpcfuse/pb/raw_file_system.pb.go:3701.34,3703.29 2 0
github.com/chiyutianyi/grpcfuse/pb/raw_file_system.pb.go:3703.29,3707.3 3 0
github.com/chiyutianyi/grpcfuse/pb/raw_file_system.pb.go:3710.42,3712.2 1 0
github.com/chiyutianyi/grpcfuse/pb/raw_file_system.pb.go:3714.40,3714.41 0 0
github.com/chiyutianyi/grpcfuse/pb/raw_file_system.pb.go:3716.62,3718.41 2 0
github.com/chiyutianyi/grpcfuse/pb/raw_file_system.pb.go:3718.41,3720.34 2 0
github.com/chiyutianyi/grpcfuse/pb/raw_file_system.pb.go:3720.34,3722.4 1 0
github.com/chiyutianyi/grpcfuse/pb/raw_file_system.pb.go:3723.3,3723.12 1 0
github.com/chiyutianyi/grpcfuse/pb/raw_file_system.pb.go:3725.2,3725.24 1 0
github.com/chiyutianyi/grpcfuse/pb/raw_file_system.pb.go:3729.53,3731.2 1 0
github.com/chiyutianyi/grpcfuse/pb/raw_file_system.pb.go:3733.46,3734.14 1 0
github.com/chiyutianyi/grpcfuse/pb/raw_file_system.pb.go:3734.14,3736.3 1 0
github.com/chiyutianyi/grpcfuse/pb/raw_file_system.pb.go:3737.2,3737.12 1 0
github.com/chiyutianyi/grpcfuse/pb/raw_file_system.pb.go:3749.35,3751.29 2 0
github.com/chiyutianyi/grpcfuse/pb/raw_file_system.pb.go:3751.29,3755.3 3 0
github.com/chiyutianyi/grpcfuse/pb/raw_file_system.pb.go:3758.43,3760.2 1 0
github.com/chiyutianyi/grpcfuse/pb/raw_file_system.pb.go:3762.41,3762.42 0 0
github.com/chiyutianyi/grpcfuse/pb/raw_file_system.pb.go:3764.63,3766.41 2 0
github.com/chiyutianyi/grpcfuse/pb/raw_file_system.pb.go:3766.41,3768.34 2 0
github.com/chiyutianyi/grpcfuse/pb/raw_file_system.pb.go:3768.34,3770.4 1 0
github.com/chiyutianyi/grpcfuse/pb/raw_file_system.pb.go:3771.3,3771.12 1 0
github.com/chiyutianyi/grpcfuse/pb/raw_file_system.pb.go:3773.2,3773.24 1 0
github.com/chiyutianyi/grpcfuse/pb/raw_file_system.pb.go:3777.54,3779.2 1 0
github.com/chiyutianyi/grpcfuse/pb/raw_file_system.pb.go:3781.47,3782.14 1 0
github.com/chiyutianyi/grpcfuse/pb/raw_file_system.pb.go:3782.14,3784.3 1 0
github.com/chiyutianyi/grpcfuse/pb/raw_file_system.pb.go:3785.2,3785.12 1 0
github.com/chiyutianyi/grpcfuse/pb/raw_file_system.pb.go:3788.52,3789.14 1 0
github.com/chiyutianyi/grpcfuse/pb/raw_file_system.pb.go:3789.14,3791.3 1 0
github.com/chiyutianyi/grpcfuse/pb/raw_file_system.pb.go:3792.2,3792.12 1 0
github.com/chiyutianyi/grpcfuse/pb/raw_file_system.pb.go:3803.33,3805.29 2 0
github.com/chiyutianyi/grpcfuse/pb/raw_file_system.pb.go:3805.29,3809.3 3 0
github.com/chiyutianyi/grpcfuse/pb/raw_file_system.pb.go:3812.41,3814.2 1 0
github.com/chiyutianyi/grpcfuse/pb/raw_file_system.pb.go:3816.39,3816.40 0 0
github.com/chiyutianyi/grpcfuse/pb/raw_file_system.pb.go:3818.61,3820.41 2 0
github.com/chiyutianyi/grpcfuse/pb/raw_file_system.pb.go:3820.41,3822.34 2 0
github.com/chiyutianyi/grpcfuse/pb/raw_file_system.pb.go:3822.34,3824.4 1 0
github.com/chiyutianyi/grpcfuse/pb/raw_file_system.pb.go:3825.3,3825.12 1 0
github.com/chiyutianyi/grpcfuse/pb/raw_file_system.pb.go:3827.2,3827.24 1 0
github.com/chiyutianyi/grpcfuse/pb/raw_file_system.pb.go:3831.52,3833.2 1 0
github.com/chiyutianyi/grpcfuse/pb/raw_file_system.pb.go:3835.46,3836.14 1 0
github.com/chiyutianyi/grpcfuse/pb/raw_file_system.pb.go:3836.14,3838.3 1 0
github.com/chiyutianyi/grpcfuse/pb/raw_file_system.pb.go:3839.2,3839.12 1 0
github.com/chiyutianyi/grpcfuse/pb/raw_file_system.pb.go:3860.34,3862.29 2 0
github.com/chiyutianyi/grpcfuse/pb/raw_file_system.pb.go:3862.29,3866.3 3 0
github.com/chiyutianyi/grpcfuse/pb/raw_file_system.pb.go:3869.42,3871.2 1 0
github.com/chiyutianyi/grpcfuse/pb/raw_file_system.pb.go:3873.40,3873.41 0 0
github.com/chiyutianyi/grpcfuse/pb/raw_file_system.pb.go:3875.62,3877.41 2 0
github.com/chiyutianyi/grpcfuse/pb/raw_file_system.pb.go:3877.41,3879.34 2 0
github.com/chiyutianyi/grpcfuse/pb/raw_file_system.pb.go:3879.34,3881.4 1 0
github.com/chiyutianyi/grpcfuse/pb/raw_file_system.pb.go:3882.3,3882.12 1 0
github.com/chiyutianyi/grpcfuse/pb/raw_file_system.pb.go:3884.2,3884.24 1 0
github.com/chiyutianyi/grpcfuse/pb/raw_file_system.pb.go:3888.53,3890.2 1 0
github.com/chiyutianyi/grpcfuse/pb/raw_file_system.pb.go:3892.46,3893.14 1 0
github.com/chiyutianyi/grpcfuse/pb/raw_file_system.pb.go:3893.14,3895.3 1 0
github.com/chiyutianyi/grpcfuse/pb/raw_file_system.pb.go:3896.2,3896.12 1 0
github.com/chiyutianyi/grpcfuse/pb/raw_file_system.pb.go:3899.45,3900.14 1 0
github.com/chiyutianyi/grpcfuse/pb/raw_file_system.pb.go:3900.14,3902.3 1 0
github.com/chiyutianyi/grpcfuse/pb/raw_file_system.pb.go:3903.2,3903.10 1 0
github.com/chiyutianyi/grpcfuse/pb/raw_file_system.pb.go:3906.44,3907.14 1 0
github.com/chiyutianyi/grpcfuse/pb/raw_file_system.pb.go:3907.14,3909.3 1 0
github.com/chiyutianyi/grpcfuse/pb/raw_file_system.pb.go:3910.2,3910.10 1 0
github.com/chiyutianyi/grpcfuse/pb/raw_file_system.pb.go:3913.45,3914.14 1 0
github.com/chiyutianyi/grpcfuse/pb/raw_file_system.pb.go:3914.14,3916.3 1 0
github.com/chiyutianyi/grpcfuse/pb/raw_file_system.pb.go:3917.2,3917.10 1 0
github.com/chiyutianyi/grpcfuse/pb/raw_file_system.pb.go:3920.44,3921.14 1 0
github.com/chiyutianyi/grpcfuse/pb/raw_file_system.pb.go:3921.14,3923.3 1 0
github.com/chiyutianyi/grpcfuse/pb/raw_file_system.pb.go:3924.2,3924.10 1 0
github.com/chiyutianyi/grpcfuse/pb/raw_file_system.pb.go:3927.44,3928.14 1 0
github.com/chiyutianyi/grpcfuse/pb/raw_file_system.pb.go:3928.14,3930.3 1 0
github.com/chiyutianyi/grpcfuse/pb/raw_file_system.pb.go:3931.2,3931.10 1 0
github.com/chiyutianyi/grpcfuse/pb/raw_file_system.pb.go:3934.44,3935.14 1 0
github.com/chiyutianyi/grpcfuse/pb/raw_file_system.pb.go:3935.14,3937.3 1 0
github.com/chiyutianyi/grpcfuse/pb/raw_file_system.pb.go:3938.2,3938.10 1 0
github.com/chiyutianyi/grpcfuse/pb/raw_file_system.pb.go:3941.46,3942.14 1 0
github.com/chiyutianyi/grpcfuse/pb/raw_file_system.pb.go:3942.14,3944.3 1 0
github.com/chiyutianyi/grpcfuse/pb/raw_file_system.pb.go:3945.2,3945.10 1 0
github.com/chiyutianyi/grpcfuse/pb/raw_file_system.pb.go:3948.45,3949.14 1 0
github.com/chiyutianyi/grpcfuse/pb/raw_file_system.pb.go:3949.14,3951.3 1 0
github.com/chiyutianyi/grpcfuse/pb/raw_file_system.pb.go:3952.2,3952.10 1 0
github.com/chiyutianyi/grpcfuse/pb/raw_file_system.pb.go:3955.46,3956.14 1 0
github.com/chiyutianyi/grpcfuse/pb/raw_file_system.pb.go:3956.14,3958.3 1 0
github.com/chiyutianyi/grpcfuse/pb/raw_file_system.pb.go:3959.2,3959.10 1 0
github.com/chiyutianyi/grpcfuse/pb/raw_file_system.pb.go:3962.46,3963.14 1 0
github.com/chiyutianyi/grpcfuse/pb/raw_file_system.pb.go:3963.14,3965.3 1 0
github.com/chiyutianyi/grpcfuse/pb/raw_file_system.pb.go:3966.2,3966.12 1 0
github.com/chiyutianyi/grpcfuse/pb/raw_file_system.pb.go:4516.54,4517.51 1 0
github.com/chiyutianyi/grpcfuse/pb/raw_file_system.pb.go:4517.51,4519.3 1 0
github.com/chiyutianyi/grpcfuse/pb/raw_file_system.pb.go:4520.2,4520.47 1 0
github.com/chiyutianyi/grpcfuse/pb/raw_file_system.pb.go:4757.13,4757.50 1 0
github.com/chiyutianyi/grpcfuse/pb/raw_file_system.pb.go:4758.40,4759.39 1 0
github.com/chiyutianyi/grpcfuse/pb/raw_file_system.pb.go:4759.39,4761.3 1 0
github.com/chiyutianyi/grpcfuse/pb/raw_file_system.pb.go:4762.2,4763.30 2 0
github.com/chiyutianyi/grpcfuse/pb/raw_file_system.pb.go:4763.30,4764.92 1 0
github.com/chiyutianyi/grpcfuse/pb/raw_file_system.pb.go:4764.92,4765.38 1 0
github.com/chiyutianyi/grpcfuse/pb/raw_file_system.pb.go:4766.11,4767.20 1 0
github.com/chiyutianyi/grpcfuse/pb/raw_file_system.pb.go:4768.11,4769.24 1 0
github.com/chiyutianyi/grpcfuse/pb/raw_file_system.pb.go:4770.11,4771.28 1 0
github.com/chiyutianyi/grpcfuse/pb/raw_file_system.pb.go:4772.12,4773.15 1 0
github.com/chiyutianyi/grpcfuse/pb/raw_file_system.pb.go:4776.3,4776.92 1 0
github.com/chiyutianyi/grpcfuse/pb/raw_file_system.pb.go:4776.92,4777.39 1 0
github.com/chiyutianyi/grpcfuse/pb/raw_file_system.pb.go:4778.11,4779.20 1 0
github.com/chiyutianyi/grpcfuse/pb/raw_file_system.pb.go:4780.11,4781.24 1 0
github.com/chiyutianyi/grpcfuse/pb/raw_file_system.pb.go:4782.11,4783.28 1 0
github.com/chiyutianyi/grpcfuse/pb/raw_file_system.pb.go:4784.12,4785.15 1 0
github.com/chiyutianyi/grpcfuse/pb/raw_file_system.pb.go:4788.3,4788.92 1 0
github.com/chiyutianyi/grpcfuse/pb/raw_file_system.pb.go:4788.92,4789.38 1 0
github.com/chiyutianyi/grpcfuse/pb/raw_file_system.pb.go:4790.11,4791.20 1 0
github.com/chiyutianyi/grpcfuse/pb/raw_file_system.pb.go:4792.11,4793.24 1 0
github.com/chiyutianyi/grpcfuse/pb/raw_file_system.pb.go:4794.11,4795.28 1 0
github.com/chiyutianyi/grpcfuse/pb/raw_file_system.pb.go:4796.12,4797.15 1 0
github.com/chiyutianyi/grpcfuse/pb/raw_file_system.pb.go:4800.3,4800.92 1 0
github.com/chiyutianyi/grpcfuse/pb/raw_file_system.pb.go:4800.92,4801.39 1 0
github.com/chiyutianyi/grpcfuse/pb/raw_file_system.pb.go:4802.11,4803.20 1 0
github.com/chiyutianyi/grpcfuse/pb/raw_file_system.pb.go:4804.11,4805.24 1 0
github.com/chiyutianyi/grpcfuse/pb/raw_file_system.pb.go:4806.11,4807.28 1 0
github.com/chiyutianyi/grpcfuse/pb/raw_file_system.pb.go:4808.12,4809.15 1 0
github.com/chiyutianyi/grpcfuse/pb/raw_file_system.pb.go:4812.3,4812.92 1 0
github.com/chiyutianyi/grpcfuse/pb/raw_file_system.pb.go:4812.92,4813.38 1 0
github.com/chiyutianyi/grpcfuse/pb/raw_file_system.pb.go:4814.11,4815.20 1 0
github.com/chiyutianyi/grpcfuse/pb/raw_file_system.pb.go:4816.11,4817.24 1 0
github.com/chiyutianyi/grpcfuse/pb/raw_file_system.pb.go:4818.11,4819.28 1 0
github.com/chiyutianyi/grpcfuse/pb/raw_file_system.pb.go:4820.12,4821.15 1 0
github.com/chiyutianyi/grpcfuse/pb/raw_file_system.pb.go:4824.3,4824.92 1 0
github.com/chiyutianyi/grpcfuse/pb/raw_file_system.pb.go:4824.92,4825.39 1 0
github.com/chiyutianyi/grpcfuse/pb/raw_file_system.pb.go:4826.11,4827.20 1 0
github.com/chiyutianyi/grpcfuse/pb/raw_file_system.pb.go:4828.11,4829.24 1 0
github.com/chiyutianyi/grpcfuse/pb/raw_file_system.pb.go:4830.11,4831.28 1 0
github.com/chiyutianyi/grpcfuse/pb/raw_file_system.pb.go:4832.12,4833.15 1 0
github.com/chiyutianyi/grpcfuse/pb/raw_file_system.pb.go:4836.3,4836.92 1 0
github.com/chiyutianyi/grpcfuse/pb/raw_file_system.pb.go:4836.92,4837.40 1 0
github.com/chiyutianyi/grpcfuse/pb/raw_file_system.pb.go:4838.11,4839.20 1 0
github.com/chiyutianyi/grpcfuse/pb/raw_file_system.pb.go:4840.11,4841.24 1 0
github.com/chiyutianyi/grpcfuse/pb/raw_file_system.pb.go:4842.11,4843.28 1 0
github.com/chiyutianyi/grpcfuse/pb/raw_file_system.pb.go:4844.12,4845.15 1 0
github.com/chiyutianyi/grpcfuse/pb/raw_file_system.pb.go:4848.3,4848.92 1 0
github.com/chiyutianyi/grpcfuse/pb/raw_file_system.pb.go:4848.92,4849.39 1 0
github.com/chiyutianyi/grpcfuse/pb/raw_file_system.pb.go:4850.11,4851.20 1 0
github.com/chiyutianyi/grpcfuse/pb/raw_file_system.pb.go:4852.11,4853.24 1 0
github.com/chiyutianyi/grpcfuse/pb/raw_file_system.pb.go:4854.11,4855.28 1 0
github.com/chiyutianyi/grpcfuse/pb/raw_file_system.pb.go:4856.12,4857.15 1 0
github.com/chiyutianyi/grpcfuse/pb/raw_file_system.pb.go:4860.3,4860.92 1 0
github.com/chiyutianyi/grpcfuse/pb/raw_file_system.pb.go:4860.92,4861.40 1 0
github.com/chiyutianyi/grpcfuse/pb/raw_file_system.pb.go:4862.11,4863.20 1 0
github.com/chiyutianyi/grpcfuse/pb/raw_file_system.pb.go:4864.11,4865.24 1 0
github.com/chiyutianyi/grpcfuse/pb/raw_file_system.pb.go:4866.11,4867.28 1 0
github.com/chiyutianyi/grpcfuse/pb/raw_file_system.pb.go:4868.12,4869.15 1 0
github.com/chiyutianyi/grpcfuse/pb/raw_file_system.pb.go:4872.3,4872.92 1 0
github.com/chiyutianyi/grpcfuse/pb/raw_file_system.pb.go:4872.92,4873.37 1 0
github.com/chiyutianyi/grpcfuse/pb/raw_file_system.pb.go:4874.11,4875.20 1 0
github.com/chiyutianyi/grpcfuse/pb/raw_file_system.pb.go:4876.11,4877.24 1 0
github.com/chiyutianyi/grpcfuse/pb/raw_file_system.pb.go:4878.11,4879.28 1 0
github.com/chiyutianyi/grpcfuse/pb/raw_file_system.pb.go:4880.12,4881.15 1 0
github.com/chiyutianyi/grpcfuse/pb/raw_file_system.pb.go:4884.3,4884.93 1 0
github.com/chiyutianyi/grpcfuse/pb/raw_file_system.pb.go:4884.93,4885.38 1 0
github.com/chiyutianyi/grpcfuse/pb/raw_file_system.pb.go:4886.11,4887.20 1 0
github.com/chiyutianyi/grpcfuse/pb/raw_file_system.pb.go:4888.11,4889.24 1 0
github.com/chiyutianyi/grpcfuse/pb/raw_file_system.pb.go:4890.11,4891.28 1 0
github.com/chiyutianyi/grpcfuse/pb/raw_file_system.pb.go:4892.12,4893.15 1 0
github.com/chiyutianyi/grpcfuse/pb/raw_file_system.pb.go:4896.3,4896.93 1 0
github.com/chiyutianyi/grpcfuse/pb/raw_file_system.pb.go:4896.93,4897.37 1 0
github.com/chiyutianyi/grpcfuse/pb/raw_file_system.pb.go:4898.11,4899.20 1 0
github.com/chiyutianyi/grpcfuse/pb/raw_file_system.pb.go:4900.11,4901.24 1 0
github.com/chiyutianyi/grpcfuse/pb/raw_file_system.pb.go:4902.11,4903.28 1 0
github.com/chiyutianyi/grpcfuse/pb/raw_file_system.pb.go:4904.12,4905.15 1 0
github.com/chiyutianyi/grpcfuse/pb/raw_file_system.pb.go:4908.3,4908.93 1 0
github.com/chiyutianyi/grpcfuse/pb/raw_file_system.pb.go:4908.93,4909.38 1 0
github.com/chiyutianyi/grpcfuse/pb/raw_file_system.pb.go:4910.11,4911.20 1 0
github.com/chiyutianyi/grpcfuse/pb/raw_file_system.pb.go:4912.11,4913.24 1 0
github.com/chiyutianyi/grpcfuse/pb/raw_file_system.pb.go:4914.11,4915.28 1 0
github.com/chiyutianyi/grpcfuse/pb/raw_file_system.pb.go:4916.12,4917.15 1 0
github.com/chiyutianyi/grpcfuse/pb/raw_file_system.pb.go:4920.3,4920.93 1 0
github.com/chiyutianyi/grpcfuse/pb/raw_file_system.pb.go:4920.93,4921.38 1 0
github.com/chiyutianyi/grpcfuse/pb/raw_file_system.pb.go:4922.11,4923.20 1 0
github.com/chiyutianyi/grpcfuse/pb/raw_file_system.pb.go:4924.11,4925.24 1 0
github.com/chiyutianyi/grpcfuse/pb/raw_file_system.pb.go:4926.11,4927.28 1 0
github.com/chiyutianyi/grpcfuse/pb/raw_file_system.pb.go:4928.12,4929.15 1 0
github.com/chiyutianyi/grpcfuse/pb/raw_file_system.pb.go:4932.3,4932.93 1 0
github.com/chiyutianyi/grpcfuse/pb/raw_file_system.pb.go:4932.93,4933.39 1 0
github.com/chiyutianyi/grpcfuse/pb/raw_file_system.pb.go:4934.11,4935.20 1 0
github.com/chiyutianyi/grpcfuse/pb/raw_file_system.pb.go:4936.11,4937.24 1 0
github.com/chiyutianyi/grpcfuse/pb/raw_file_system.pb.go:4938.11,4939.28 1 0
github.com/chiyutianyi/grpcfuse/pb/raw_file_system.pb.go:4940.12,4941.15 1 0
github.com/chiyutianyi/grpcfuse/pb/raw_file_system.pb.go:4944.3,4944.93 1 0
github.com/chiyutianyi/grpcfuse/pb/raw_file_system.pb.go:4944.93,4945.37 1 0
github.com/chiyutianyi/grpcfuse/pb/raw_file_system.pb.go:4946.11,4947.20 1 0
github.com/chiyutianyi/grpcfuse/pb/raw_file_system.pb.go:4948.11,4949.24 1 0
github.com/chiyutianyi/grpcfuse/pb/raw_file_system.pb.go:4950.11,4951.28 1 0
github.com/chiyutianyi/grpcfuse/pb/raw_file_system.pb.go:4952.12,4953.15 1 0
github.com/chiyutianyi/grpcfuse/pb/raw_file_system.pb.go:4956.3,4956.93 1 0
github.com/chiyutianyi/grpcfuse/pb/raw_file_system.pb.go:4956.93,4957.38 1 0
github.com/chiyutianyi/grpcfuse/pb/raw_file_system.pb.go:4958.11,4959.20 1 0
github.com/chiyutianyi/grpcfuse/pb/raw_file_system.pb.go:4960.11,4961.24 1 0
github.com/chiyutianyi/grpcfuse/pb/raw_file_system.pb.go:4962.11,4963.28 1 0
github.com/chiyutianyi/grpcfuse/pb/raw_file_system.pb.go:4964.12,4965.15 1 0
github.com/chiyutianyi/grpcfuse/pb/raw_file_system.pb.go:4968.3,4968.93 1 0
github.com/chiyutianyi/grpcfuse/pb/raw_file_system.pb.go:4968.93,4969.38 1 0
github.com/chiyutianyi/grpcfuse/pb/raw_file_system.pb.go:4970.11,4971.20 1 0
github.com/chiyutianyi/grpcfuse/pb/raw_file_system.pb.go:4972.11,4973.24 1 0
github.com/chiyutianyi/grpcfuse/pb/raw_file_system.pb.go:4974.11,4975.28 1 0
github.com/chiyutianyi/grpcfuse/pb/raw_file_system.pb.go:4976.12,4977.15 1 0
github.com/chiyutianyi/grpcfuse/pb/raw_file_system.pb.go:4980.3,4980.93 1 0
github.com/chiyutianyi/grpcfuse/pb/raw_file_system.pb.go:4980.93,4981.39 1 0
github.com/chiyutianyi/grpcfuse/pb/raw_file_system.pb.go:4982.11,4983.20 1 0
github.com/chiyutianyi/grpcfuse/pb/raw_file_system.pb.go:4984.11,4985.24 1 0
github.com/chiyutianyi/grpcfuse/pb/raw_file_system.pb.go:4986.11,4987.28 1 0
github.com/chiyutianyi/grpcfuse/pb/raw_file_system.pb.go:4988.12,4989.15 1 0
github.com/chiyutianyi/grpcfuse/pb/raw_file_system.pb.go:4992.3,4992.93 1 0
github.com/chiyutianyi/grpcfuse/pb/raw_file_system.pb.go:4992.93,4993.36 1 0
github.com/chiyutianyi/grpcfuse/pb/raw_file_system.pb.go:4994.11,4995.20 1 0
github.com/chiyutianyi/grpcfuse/pb/raw_file_system.pb.go:4996.11,4997.24 1 0
github.com/chiyutianyi/grpcfuse/pb/raw_file_system.pb.go:4998.11,4999.28 1 0
github.com/chiyutianyi/grpcfuse/pb/raw_file_system.pb.go:5000.12,5001.15 1 0
github.com/chiyutianyi/grpcfuse/pb/raw_file_system.pb.go:5004.3,5004.93 1 0
github.com/chiyutianyi/grpcfuse/pb/raw_file_system.pb.go:5004.93,5005.37 1 0
github.com/chiyutianyi/grpcfuse/pb/raw_file_system.pb.go:5006.11,5007.20 1 0
github.com/chiyutianyi/grpcfuse/pb/raw_file_system.pb.go:5008.11,5009.24 1 0
github.com/chiyutianyi/grpcfuse/pb/raw_file_system.pb.go:5010.11,5011.28 1 0
github.com/chiyutianyi/grpcfuse/pb/raw_file_system.pb.go:5012.12,5013.15 1 0
github.com/chiyutianyi/grpcfuse/pb/raw_file_system.pb.go:5016.3,5016.93 1 0
github.com/chiyutianyi/grpcfuse/pb/raw_file_system.pb.go:5016.93,5017.39 1 0
github.com/chiyutianyi/grpcfuse/pb/raw_file_system.pb.go:5018.11,5019.20 1 0
github.com/chiyutianyi/grpcfuse/pb/raw_file_system.pb.go:5020.11,5021.24 1 0
github.com/chiyutianyi/grpcfuse/pb/raw_file_system.pb.go:5022.11,5023.28 1 0
github.com/chiyutianyi/grpcfuse/pb/raw_file_system.pb.go:5024.12,5025.15 1 0
github.com/chiyutianyi/grpcfuse/pb/raw_file_system.pb.go:5028.3,5028.93 1 0
github.com/chiyutianyi/grpcfuse/pb/raw_file_system.pb.go:5028.93,5029.40 1 0
github.com/chiyutianyi/grpcfuse/pb/raw_file_system.pb.go:5030.11,5031.20 1 0
github.com/chiyutianyi/grpcfuse/pb/raw_file_system.pb.go:5032.11,5033.24 1 0
github.com/chiyutianyi/grpcfuse/pb/raw_file_system.pb.go:5034.11,5035.28 1 0
github.com/chiyutianyi/grpcfuse/pb/raw_file_system.pb.go:5036.12,5037.15 1 0
github.com/chiyutianyi/grpcfuse/pb/raw_file_system.pb.go:5040.3,5040.93 1 0
github.com/chiyutianyi/grpcfuse/pb/raw_file_system.pb.go:5040.93,5041.40 1 0
github.com/chiyutianyi/grpcfuse/pb/raw_file_system.pb.go:5042.11,5043.20 1 0
github.com/chiyutianyi/grpcfuse/pb/raw_file_system.pb.go:5044.11,5045.24 1 0
github.com/chiyutianyi/grpcfuse/pb/raw_file_system.pb.go:5046.11,5047.28 1 0
github.com/chiyutianyi/grpcfuse/pb/raw_file_system.pb.go:5048.12,5049.15 1 0
github.com/chiyutianyi/grpcfuse/pb/raw_file_system.pb.go:5052.3,5052.93 1 0
github.com/chiyutianyi/grpcfuse/pb/raw_file_system.pb.go:5052.93,5053.41 1 0
github.com/chiyutianyi/grpcfuse/pb/raw_file_system.pb.go:5054.11,5055.20 1 0
github.com/chiyutianyi/grpcfuse/pb/raw_file_system.pb.go:5056.11,5057.24 1 0
github.com/chiyutianyi/grpcfuse/pb/raw_file_system.pb.go:5058.11,5059.28 1 0
github.com/chiyutianyi/grpcfuse/pb/raw_file_system.pb.go:5060.12,5061.15 1 0
github.com/chiyutianyi/grpcfuse/pb/raw_file_system.pb.go:5064.3,5064.93 1 0
github.com/chiyutianyi/grpcfuse/pb/raw_file_system.pb.go:5064.93,5065.38 1 0
github.com/chiyutianyi/grpcfuse/pb/raw_file_system.pb.go:5066.11,5067.20 1 0
github.com/chiyutianyi/grpcfuse/pb/raw_file_system.pb.go:5068.11,5069.24 1 0
github.com/chiyutianyi/grpcfuse/pb/raw_file_system.pb.go:5070.11,5071.28 1 0
github.com/chiyutianyi/grpcfuse/pb/raw_file_system.pb.go:5072.12,5073.15 1 0
github.com/chiyutianyi/grpcfuse/pb/raw_file_system.pb.go:5076.3,5076.93 1 0
github.com/chiyutianyi/grpcfuse/pb/raw_file_system.pb.go:5076.93,5077.39 1 0
github.com/chiyutianyi/grpcfuse/pb/raw_file_system.pb.go:5078.11,5079.20 1 0
github.com/chiyutianyi/grpcfuse/pb/raw_file_system.pb.go:5080.11,5081.24 1 0
github.com/chiyutianyi/grpcfuse/pb/raw_file_system.pb.go:5082.11,5083.28 1 0
github.com/chiyutianyi/grpcfuse/pb/raw_file_system.pb.go:5084.12,5085.15 1 0
github.com/chiyutianyi/grpcfuse/pb/raw_file_system.pb.go:5088.3,5088.93 1 0
github.com/chiyutianyi/grpcfuse/pb/raw_file_system.pb.go:5088.93,5089.40 1 0
github.com/chiyutianyi/grpcfuse/pb/raw_file_system.pb.go:5090.11,5091.20 1 0
github.com/chiyutianyi/grpcfuse/pb/raw_file_system.pb.go:5092.11,5093.24 1 0
github.com/chiyutianyi/grpcfuse/pb/raw_file_system.pb.go:5094.11,5095.28 1 0
github.com/chiyutianyi/grpcfuse/pb/raw_file_system.pb.go:5096.12,5097.15 1 0
github.com/chiyutianyi/grpcfuse/pb/raw_file_system.pb.go:5100.3,5100.93 1 0
github.com/chiyutianyi/grpcfuse/pb/raw_file_system.pb.go:5100.93,5101.41 1 0
github.com/chiyutianyi/grpcfuse/pb/raw_file_system.pb.go:5102.11,5103.20 1 0
github.com/chiyutianyi/grpcfuse/pb/raw_file_system.pb.go:5104.11,5105.24 1 0
github.com/chiyutianyi/grpcfuse/pb/raw_file_system.pb.go:5106.11,5107.28 1 0
github.com/chiyutianyi/grpcfuse/pb/raw_file_system.pb.go:5108.12,5109.15 1 0
github.com/chiyutianyi/grpcfuse/pb/raw_file_system.pb.go:5112.3,5112.93 1 0
github.com/chiyutianyi/grpcfuse/pb/raw_file_system.pb.go:5112.93,5113.41 1 0
github.com/chiyutianyi/grpcfuse/pb/raw_file_system.pb.go:5114.11,5115.20 1 0
github.com/chiyutianyi/grpcfuse/pb/raw_file_system.pb.go:5116.11,5117.24 1 0
github.com/chiyutianyi/grpcfuse/pb/raw_file_system.pb.go:5118.11,5119.28 1 0
github.com/chiyutianyi/grpcfuse/pb/raw_file_system.pb.go:5120.12,5121.15 1 0
github.com/chiyutianyi/grpcfuse/pb/raw_file_system.pb.go:5124.3,5124.93 1 0
github.com/chiyutianyi/grpcfuse/pb/raw_file_system.pb.go:5124.93,5125.42 1 0
github.com/chiyutianyi/grpcfuse/pb/raw_file_system.pb.go:5126.11,5127.20 1 0
github.com/chiyutianyi/grpcfuse/pb/raw_file_system.pb.go:5128.11,5129.24 1 0
github.com/chiyutianyi/grpcfuse/pb/raw_file_system.pb.go:5130.11,5131.28 1 0
github.com/chiyutianyi/grpcfuse/pb/raw_file_system.pb.go:5132.12,5133.15 1 0
github.com/chiyutianyi/grpcfuse/pb/raw_file_system.pb.go:5136.3,5136.93 1 0
github.com/chiyutianyi/grpcfuse/pb/raw_file_system.pb.go:5136.93,5137.40 1 0
github.com/chiyutianyi/grpcfuse/pb/raw_file_system.pb.go:5138.11,5139.20 1 0
github.com/chiyutianyi/grpcfuse/pb/raw_file_system.pb.go:5140.11,5141.24 1 0
github.com/chiyutianyi/grpcfuse/pb/raw_file_system.pb.go:5142.11,5143.28 1 0
github.com/chiyutianyi/grpcfuse/pb/raw_file_system.pb.go:5144.12,5145.15 1 0
github.com/chiyutianyi/grpcfuse/pb/raw_file_system.pb.go:5148.3,5148.93 1 0
github.com/chiyutianyi/grpcfuse/pb/raw_file_system.pb.go:5148.93,5149.41 1 0
github.com/chiyutianyi/grpcfuse/pb/raw_file_system.pb.go:5150.11,5151.20 1 0
github.com/chiyutianyi/grpcfuse/pb/raw_file_system.pb.go:5152.11,5153.24 1 0
github.com/chiyutianyi/grpcfuse/pb/raw_file_system.pb.go:5154.11,5155.28 1 0
github.com/chiyutianyi/grpcfuse/pb/raw_file_system.pb.go:5156.12,5157.15 1 0
github.com/chiyutianyi/grpcfuse/pb/raw_file_system.pb.go:5160.3,5160.93 1 0
github.com/chiyutianyi/grpcfuse/pb/raw_file_system.pb.go:5160.93,5161.43 1 0
github.com/chiyutianyi/grpcfuse/pb/raw_file_system.pb.go:5162.11,5163.20 1 0
github.com/chiyutianyi/grpcfuse/pb/raw_file_system.pb.go:5164.11,5165.24 1 0
github.com/chiyutianyi/grpcfuse/pb/raw_file_system.pb.go:5166.11,5167.28 1 0
github.com/chiyutianyi/grpcfuse/pb/raw_file_system.pb.go:5168.12,5169.15 1 0
github.com/chiyutianyi/grpcfuse/pb/raw_file_system.pb.go:5172.3,5172.93 1 0
github.com/chiyutianyi/grpcfuse/pb/raw_file_system.pb.go:5172.93,5173.44 1 0
github.com/chiyutianyi/grpcfuse/pb/raw_file_system.pb.go:5174.11,5175.20 1 0
github.com/chiyutianyi/grpcfuse/pb/raw_file_system.pb.go:5176.11,5177.24 1 0
github.com/chiyutianyi/grpcfuse/pb/raw_file_system.pb.go:5178.11,5179.28 1 0
github.com/chiyutianyi/grpcfuse/pb/raw_file_system.pb.go:5180.12,5181.15 1 0
github.com/chiyutianyi/grpcfuse/pb/raw_file_system.pb.go:5184.3,5184.93 1 0
github.com/chiyutianyi/grpcfuse/pb/raw_file_system.pb.go:5184.93,5185.38 1 0
github.com/chiyutianyi/grpcfuse/pb/raw_file_system.pb.go:5186.11,5187.20 1 0
github.com/chiyutianyi/grpcfuse/pb/raw_file_system.pb.go:5188.11,5189.24 1 0
github.com/chiyutianyi/grpcfuse/pb/raw_file_system.pb.go:5190.11,5191.28 1 0
github.com/chiyutianyi/grpcfuse/pb/raw_file_system.pb.go:5192.12,5193.15 1 0
github.com/chiyutianyi/grpcfuse/pb/raw_file_system.pb.go:5196.3,5196.93 1 0
github.com/chiyutianyi/grpcfuse/pb/raw_file_system.pb.go:5196.93,5197.39 1 0
github.com/chiyutianyi/grpcfuse/pb/raw_file_system.pb.go:5198.11,5199.20 1 0
github.com/chiyutianyi/grpcfuse/pb/raw_file_system.pb.go:5200.11,5201.24 1 0
github.com/chiyutianyi/grpcfuse/pb/raw_file_system.pb.go:5202.11,5203.28 1 0
github.com/chiyutianyi/grpcfuse/pb/raw_file_system.pb.go:5204.12,5205.15 1 0
github.com/chiyutianyi/grpcfuse/pb/raw_file_system.pb.go:5208.3,5208.93 1 0
github.com/chiyutianyi/grpcfuse/pb/raw_file_system.pb.go:5208.93,5209.36 1 0
github.com/chiyutianyi/grpcfuse/pb/raw_file_system.pb.go:5210.11,5211.20 1 0
github.com/chiyutianyi/grpcfuse/pb/raw_file_system.pb.go:5212.11,5213.24 1 0
github.com/chiyutianyi/grpcfuse/pb/raw_file_system.pb.go:5214.11,5215.28 1 0
github.com/chiyutianyi/grpcfuse/pb/raw_file_system.pb.go:5216.12,5217.15 1 0
github.com/chiyutianyi/grpcfuse/pb/raw_file_system.pb.go:5220.3,5220.93 1 0
github.com/chiyutianyi/grpcfuse/pb/raw_file_system.pb.go:5220.93,5221.37 1 0
github.com/chiyutianyi/grpcfuse/pb/raw_file_system.pb.go:5222.11,5223.20 1 0
github.com/chiyutianyi/grpcfuse/pb/raw_file_system.pb.go:5224.11,5225.24 1 0
github.com/chiyutianyi/grpcfuse/pb/raw_file_system.pb.go:5226.11,5227.28 1 0
github.com/chiyutianyi/grpcfuse/pb/raw_file_system.pb.go:5228.12,5229.15 1 0
github.com/chiyutianyi/grpcfuse/pb/raw_file_system.pb.go:5232.3,5232.93 1 0
github.com/chiyutianyi/grpcfuse/pb/raw_file_system.pb.go:5232.93,5233.36 1 0
github.com/chiyutianyi/grpcfuse/pb/raw_file_system.pb.go:5234.11,5235.20 1 0
github.com/chiyutianyi/grpcfuse/pb/raw_file_system.pb.go:5236.11,5237.24 1 0
github.com/chiyutianyi/grpcfuse/pb/raw_file_system.pb.go:5238.11,5239.28 1 0
github.com/chiyutianyi/grpcfuse/pb/raw_file_system.pb.go:5240.12,5241.15 1 0
github.com/chiyutianyi/grpcfuse/pb/raw_file_system.pb.go:5244.3,5244.93 1 0
github.com/chiyutianyi/grpcfuse/pb/raw_file_system.pb.go:5244.93,5245.37 1 0
github.com/chiyutianyi/grpcfuse/pb/raw_file_system.pb.go:5246.11,5247.20 1 0
github.com/chiyutianyi/grpcfuse/pb/raw_file_system.pb.go:5248.11,5249.24 1 0
github.com/chiyutianyi/grpcfuse/pb/raw_file_system.pb.go:5250.11,5251.28 1 0
github.com/chiyutianyi/grpcfuse/pb/raw_file_system.pb.go:5252.12,5253.15 1 0
github.com/chiyutianyi/grpcfuse/pb/raw_file_system.pb.go:5256.3,5256.93 1 0
github.com/chiyutianyi/grpcfuse/pb/raw_file_system.pb.go:5256.93,5257.37 1 0
github.com/chiyutianyi/grpcfuse/pb/raw_file_system.pb.go:5258.11,5259.20 1 0
github.com/chiyutianyi/grpcfuse/pb/raw_file_system.pb.go:5260.11,5261.24 1 0
github.com/chiyutianyi/grpcfuse/pb/raw_file_system.pb.go:5262.11,5263.28 1 0
github.com/chiyutianyi/grpcfuse/pb/raw_file_system.pb.go:5264.12,5265.15 1 0
github.com/chiyutianyi/grpcfuse/pb/raw_file_system.pb.go:5268.3,5268.93 1 0
github.com/chiyutianyi/grpcfuse/pb/raw_file_system.pb.go:5268.93,5269.38 1 0
github.com/chiyutianyi/grpcfuse/pb/raw_file_system.pb.go:5270.11,5271.20 1 0
github.com/chiyutianyi/grpcfuse/pb/raw_file_system.pb.go:5272.11,5273.24 1 0
github.com/chiyutianyi/grpcfuse/pb/raw_file_system.pb.go:5274.11,5275.28 1 0
github.com/chiyutianyi/grpcfuse/pb/raw_file_system.pb.go:5276.12,5277.15 1 0
github.com/chiyutianyi/grpcfuse/pb/raw_file_system.pb.go:5280.3,5280.93 1 0
github.com/chiyutianyi/grpcfuse/pb/raw_file_system.pb.go:5280.93,5281.34 1 0
github.com/chiyutianyi/grpcfuse/pb/raw_file_system.pb.go:5282.11,5283.20 1 0
github.com/chiyutianyi/grpcfuse/pb/raw_file_system.pb.go:5284.11,5285.24 1 0
github.com/chiyutianyi/grpcfuse/pb/raw_file_system.pb.go:5286.11,5287.28 1 0
github.com/chiyutianyi/grpcfuse/pb/raw_file_system.pb.go:5288.12,5289.15 1 0
github.com/chiyutianyi/grpcfuse/pb/raw_file_system.pb.go:5292.3,5292.93 1 0
github.com/chiyutianyi/grpcfuse/pb/raw_file_system.pb.go:5292.93,5293.38 1 0
github.com/chiyutianyi/grpcfuse/pb/raw_file_system.pb.go:5294.11,5295.20 1 0
github.com/chiyutianyi/grpcfuse/pb/raw_file_system.pb.go:5296.11,5297.24 1 0
github.com/chiyutianyi/grpcfuse/pb/raw_file_system.pb.go:5298.11,5299.28 1 0
github.com/chiyutianyi/grpcfuse/pb/raw_file_system.pb.go:5300.12,5301.15 1 0
github.com/chiyutianyi/grpcfuse/pb/raw_file_system.pb.go:5304.3,5304.93 1 0
github.com/chiyutianyi/grpcfuse/pb/raw_file_system.pb.go:5304.93,5305.38 1 0
github.com/chiyutianyi/grpcfuse/pb/raw_file_system.pb.go:5306.11,5307.20 1 0
github.com/chiyutianyi/grpcfuse/pb/raw_file_system.pb.go:5308.11,5309.24 1 0
github.com/chiyutianyi/grpcfuse/pb/raw_file_system.pb.go:5310.11,5311.28 1 0
github.com/chiyutianyi/grpcfuse/pb/raw_file_system.pb.go:5312.12,5313.15 1 0
github.com/chiyutianyi/grpcfuse/pb/raw_file_system.pb.go:5316.3,5316.93 1 0
github.com/chiyutianyi/grpcfuse/pb/raw_file_system.pb.go:5316.93,5317.39 1 0
github.com/chiyutianyi/grpcfuse/pb/raw_file_system.pb.go:5318.11,5319.20 1 0
github.com/chiyutianyi/grpcfuse/pb/raw_file_system.pb.go:5320.11,5321.24 1 0
github.com/chiyutianyi/grpcfuse/pb/raw_file_system.pb.go:5322.11,5323.28 1 0
github.com/chiyutianyi/grpcfuse/pb/raw_file_system.pb.go:5324.12,5325.15 1 0
github.com/chiyutianyi/grpcfuse/pb/raw_file_system.pb.go:5328.3,5328.93 1 0
github.com/chiyutianyi/grpcfuse/pb/raw_file_system.pb.go:5328.93,5329.37 1 0
github.com/chiyutianyi/grpcfuse/pb/raw_file_system.pb.go:5330.11,5331.20 1 0
github.com/chiyutianyi/grpcfuse/pb/raw_file_system.pb.go:5332.11,5333.24 1 0
github.com/chiyutianyi/grpcfuse/pb/raw_file_system.pb.go:5334.11,5335.28 1 0
github.com/chiyutianyi/grpcfuse/pb/raw_file_system.pb.go:5336.12,5337.15 1 0
github.com/chiyutianyi/grpcfuse/pb/raw_file_system.pb.go:5340.3,5340.93 1 0
github.com/chiyutianyi/grpcfuse/pb/raw_file_system.pb.go:5340.93,5341.38 1 0
github.com/chiyutianyi/grpcfuse/pb/raw_file_system.pb.go:5342.11,5343.20 1 0
github.com/chiyutianyi/grpcfuse/pb/raw_file_system.pb.go:5344.11,5345.24 1 0
github.com/chiyutianyi/grpcfuse/pb/raw_file_system.pb.go:5346.11,5347.28 1 0
github.com/chiyutianyi/grpcfuse/pb/raw_file_system.pb.go:5348.12,5349.15 1 0
github.com/chiyutianyi/grpcfuse/pb/raw_file_system.pb.go:5352.3,5352.93 1 0
github.com/chiyutianyi/grpcfuse/pb/raw_file_system.pb.go:5352.93,5353.45 1 0
github.com/chiyutianyi/grpcfuse/pb/raw_file_system.pb.go:5354.11,5355.20 1 0
github.com/chiyutianyi/grpcfuse/pb/raw_file_system.pb.go:5356.11,5357.24 1 0
github.com/chiyutianyi/grpcfuse/pb/raw_file_system.pb.go:5358.11,5359.28 1 0
github.com/chiyutianyi/grpcfuse/pb/raw_file_system.pb.go:5360.12,5361.15 1 0
github.com/chiyutianyi/grpcfuse/pb/raw_file_system.pb.go:5364.3,5364.93 1 0
github.com/chiyutianyi/grpcfuse/pb/raw_file_system.pb.go:5364.93,5365.46 1 0
github.com/chiyutianyi/grpcfuse/pb/raw_file_system.pb.go:5366.11,5367.20 1 0
github.com/chiyutianyi/grpcfuse/pb/raw_file_system.pb.go:5368.11,5369.24 1 0
github.com/chiyutianyi/grpcfuse/pb/raw_file_system.pb.go:5370.11,5371.28 1 0
github.com/chiyutianyi/grpcfuse/pb/raw_file_system.pb.go:5372.12,5373.15 1 0
github.com/chiyutianyi/grpcfuse/pb/raw_file_system.pb.go:5376.3,5376.93 1 0
github.com/chiyutianyi/grpcfuse/pb/raw_file_system.pb.go:5376.93,5377.37 1 0
github.com/chiyutianyi/grpcfuse/pb/raw_file_system.pb.go:5378.11,5379.20 1 0
github.com/chiyutianyi/grpcfuse/pb/raw_file_system.pb.go:5380.11,5381.24 1 0
github.com/chiyutianyi/grpcfuse/pb/raw_file_system.pb.go:5382.11,5383.28 1 0
github.com/chiyutianyi/grpcfuse/pb/raw_file_system.pb.go:5384.12,5385.15 1 0
github.com/chiyutianyi/grpcfuse/pb/raw_file_system.pb.go:5388.3,5388.93 1 0
github.com/chiyutianyi/grpcfuse/pb/raw_file_system.pb.go:5388.93,5389.38 1 0
github.com/chiyutianyi/grpcfuse/pb/raw_file_system.pb.go:5390.11,5391.20 1 0
github.com/chiyutianyi/grpcfuse/pb/raw_file_system.pb.go:5392.11,5393.24 1 0
github.com/chiyutianyi/grpcfuse/pb/raw_file_system.pb.go:5394.11,5395.28 1 0
github.com/chiyutianyi/grpcfuse/pb/raw_file_system.pb.go:5396.12,5397.15 1 0
github.com/chiyutianyi/grpcfuse/pb/raw_file_system.pb.go:5400.3,5400.93 1 0
github.com/chiyutianyi/grpcfuse/pb/raw_file_system.pb.go:5400.93,5401.37 1 0
github.com/chiyutianyi/grpcfuse/pb/raw_file_system.pb.go:5402.11,5403.20 1 0
github.com/chiyutianyi/grpcfuse/pb/raw_file_system.pb.go:5404.11,5405.24 1 0
github.com/chiyutianyi/grpcfuse/pb/raw_file_system.pb.go:5406.11,5407.28 1 0
github.com/chiyutianyi/grpcfuse/pb/raw_file_system.pb.go:5408.12,5409.15 1 0
github.com/chiyutianyi/grpcfuse/pb/raw_file_system.pb.go:5412.3,5412.93 1 0
github.com/chiyutianyi/grpcfuse/pb/raw_file_system.pb.go:5412.93,5413.38 1 0
github.com/chiyutianyi/grpcfuse/pb/raw_file_system.pb.go:5414.11,5415.20 1 0
github.com/chiyutianyi/grpcfuse/pb/raw_file_system.pb.go:5416.11,5417.24 1 0
github.com/chiyutianyi/grpcfuse/pb/raw_file_system.pb.go:5418.11,5419.28 1 0
github.com/chiyutianyi/grpcfuse/pb/raw_file_system.pb.go:5420.12,5421.15 1 0
github.com/chiyutianyi/grpcfuse/pb/raw_file_system.pb.go:5424.3,5424.93 1 0
github.com/chiyutianyi/grpcfuse/pb/raw_file_system.pb.go:5424.93,5425.41 1 0
github.com/chiyutianyi/grpcfuse/pb/raw_file_system.pb.go:5426.11,5427.20 1 0
github.com/chiyutianyi/grpcfuse/pb/raw_file_system.pb.go:5428.11,5429.24 1 0
github.com/chiyutianyi/grpcfuse/pb/raw_file_system.pb.go:5430.11,5431.28 1 0
github.com/chiyutianyi/grpcfuse/pb/raw_file_system.pb.go:5432.12,5433.15 1 0
github.com/chiyutianyi/grpcfuse/pb/raw_file_system.pb.go:5436.3,5436.93 1 0
github.com/chiyutianyi/grpcfuse/pb/raw_file_system.pb.go:5436.93,5437.42 1 0
github.com/chiyutianyi/grpcfuse/pb/raw_file_system.pb.go:5438.11,5439.20 1 0
github.com/chiyutianyi/grpcfuse/pb/raw_file_system.pb.go:5440.11,5441.24 1 0
github.com/chiyutianyi/grpcfuse/pb/raw_file_system.pb.go:5442.11,5443.28 1 0
github.com/chiyutianyi/grpcfuse/pb/raw_file_system.pb.go:5444.12,5445.15 1 0
github.com/chiyutianyi/grpcfuse/pb/raw_file_system.pb.go:5448.3,5448.93 1 0
github.com/chiyutianyi/grpcfuse/pb/raw_file_system.pb.go:5448.93,5449.39 1 0
github.com/chiyutianyi/grpcfuse/pb/raw_file_system.pb.go:5450.11,5451.20 1 0
github.com/chiyutianyi/grpcfuse/pb/raw_file_system.pb.go:5452.11,5453.24 1 0
github.com/chiyutianyi/grpcfuse/pb/raw_file_system.pb.go:5454.11,5455.28 1 0
github.com/chiyutianyi/grpcfuse/pb/raw_file_system.pb.go:5456.12,5457.15 1 0
github.com/chiyutianyi/grpcfuse/pb/raw_file_system.pb.go:5460.3,5460.93 1 0
github.com/chiyutianyi/grpcfuse/pb/raw_file_system.pb.go:5460.93,5461.40 1 0
github.com/chiyutianyi/grpcfuse/pb/raw_file_system.pb.go:5462.11,5463.20 1 0
github.com/chiyutianyi/grpcfuse/pb/raw_file_system.pb.go:5464.11,5465.24 1 0
github.com/chiyutianyi/grpcfuse/pb/raw_file_system.pb.go:5466.11,5467.28 1 0
github.com/chiyutianyi/grpcfuse/pb/raw_file_system.pb.go:5468.12,5469.15 1 0
github.com/chiyutianyi/grpcfuse/pb/raw_file_system.pb.go:5472.3,5472.93 1 0
github.com/chiyutianyi/grpcfuse/pb/raw_file_system.pb.go:5472.93,5473.39 1 0
github.com/chiyutianyi/grpcfuse/pb/raw_file_system.pb.go:5474.11,5475.20 1 0
github.com/chiyutianyi/grpcfuse/pb/raw_file_system.pb.go:5476.11,5477.24 1 0
github.com/chiyutianyi/grpcfuse/pb/raw_file_system.pb.go:5478.11,5479.28 1 0
github.com/chiyutianyi/grpcfuse/pb/raw_file_system.pb.go:5480.12,5481.15 1 0
github.com/chiyutianyi/grpcfuse/pb/raw_file_system.pb.go:5484.3,5484.93 1 0
github.com/chiyutianyi/grpcfuse/pb/raw_file_system.pb.go:5484.93,5485.40 1 0
github.com/chiyutianyi/grpcfuse/pb/raw_file_system.pb.go:5486.11,5487.20 1 0
github.com/chiyutianyi/grpcfuse/pb/raw_file_system.pb.go:5488.11,5489.24 1 0
github.com/chiyutianyi/grpcfuse/pb/raw_file_system.pb.go:5490.11,5491.28 1 0
github.com/chiyutianyi/grpcfuse/pb/raw_file_system.pb.go:5492.12,5493.15 1 0
github.com/chiyutianyi/grpcfuse/pb/raw_file_system.pb.go:5496.3,5496.93 1 0
github.com/chiyutianyi/grpcfuse/pb/raw_file_system.pb.go:5496.93,5497.38 1 0
github.com/chiyutianyi/grpcfuse/pb/raw_file_system.pb.go:5498.11,5499.20 1 0
github.com/chiyutianyi/grpcfuse/pb/raw_file_system.pb.go:5500.11,5501.24 1 0
github.com/chiyutianyi/grpcfuse/pb/raw_file_system.pb.go:5502.11,5503.28 1 0
github.com/chiyutianyi/grpcfuse/pb/raw_file_system.pb.go:5504.12,5505.15 1 0
github.com/chiyutianyi/grpcfuse/pb/raw_file_system.pb.go:5508.3,5508.93 1 0
github.com/chiyutianyi/grpcfuse/pb/raw_file_system.pb.go:5508.93,5509.39 1 0
github.com/chiyutianyi/grpcfuse/pb/raw_file_system.pb.go:5510.11,5511.20 1 0
github.com/chiyutianyi/grpcfuse/pb/raw_file_system.pb.go:5512.11,5513.24 1 0
github.com/chiyutianyi/grpcfuse/pb/raw_file_system.pb.go:5514.11,5515.28 1 0
github.com/chiyutianyi/grpcfuse/pb/raw_file_system.pb.go:5516.12,5517.15 1 0
github.com/chiyutianyi/grpcfuse/pb/raw_file_system.pb.go:5521.2,5538.42 6 0
github.com/chiyutianyi/grpcfuse/pb/raw_file_system_grpc.pb.go:92.78,94.2 1 0
github.com/chiyutianyi/grpcfuse/pb/raw_file_system_grpc.pb.go:96.128,99.16 3 0
github.com/chiyutianyi/grpcfuse/pb/raw_file_system_grpc.pb.go:99.16,101.3 1 0
github.com/chiyutianyi/grpcfuse/pb/raw_file_system_grpc.pb.go:102.2,102.17 1 0
github.com/chiyutianyi/grpcfuse/pb/raw_file_system_grpc.pb.go:105.128,108.16 3 0
github.com/chiyutianyi/grpcfuse/pb/raw_file_system_grpc.pb.go:108.16,110.3 1 0
github.com/chiyutianyi/grpcfuse/pb/raw_file_system_grpc.pb.go:111.2,111.17 1 0
github.com/chiyutianyi/grpcfuse/pb/raw_file_system_grpc.pb.go:114.127,117.16 3 0
github.com/chiyutianyi/grpcfuse/pb/raw_file_system_grpc.pb.go:117.16,119.3 1 0
github.com/chiyutianyi/grpcfuse/pb/raw_file_system_grpc.pb.go:120.2,120.17 1 0
github.com/chiyutianyi/grpcfuse/pb/raw_file_system_grpc.pb.go:123.131,126.16 3 0
github.com/chiyutianyi/grpcfuse/pb/raw_file_system_grpc.pb.go:126.16,128.3 1 0
github.com/chiyutianyi/grpcfuse/pb/raw_file_system_grpc.pb.go:129.2,129.17 1 0
github.com/chiyutianyi/grpcfuse/pb/raw_file_system_grpc.pb.go:132.131,135.16 3 0
github.com/chiyutianyi/grpcfuse/pb/raw_file_system_grpc.pb.go:135.16,137.3 1 0
github.com/chiyutianyi/grpcfuse/pb/raw_file_system_grpc.pb.go:138.2,138.17 1 0
github.com/chiyutianyi/grpcfuse/pb/raw_file_system_grpc.pb.go:141.125,144.16 3 0
github.com/chiyutianyi/grpcfuse/pb/raw_file_system_grpc.pb.go:144.16,146.3 1 0
github.com/chiyutianyi/grpcfuse/pb/raw_file_system_grpc.pb.go:147.2,147.17 1 0
github.com/chiyutianyi/grpcfuse/pb/raw_file_system_grpc.pb.go:150.125,153.16 3 0
github.com/chiyutianyi/grpcfuse/pb/raw_file_system_grpc.pb.go:153.16,155.3 1 0
github.com/chiyutianyi/grpcfuse/pb/raw_file_system_grpc.pb.go:156.2,156.17 1 0
github.com/chiyutianyi/grpcfuse/pb/raw_file_system_grpc.pb.go:159.128,162.16 3 0
github.com/chiyutianyi/grpcfuse/pb/raw_file_system_grpc.pb.go:162.16,164.3 1 0
github.com/chiyutianyi/grpcfuse/pb/raw_file_system_grpc.pb.go:165.2,165.17 1 0
github.com/chiyutianyi/grpcfuse/pb/raw_file_system_grpc.pb.go:168.125,171.16 3 0
github.com/chiyutianyi/grpcfuse/pb/raw_file_system_grpc.pb.go:171.16,173.3 1 0
github.com/chiyutianyi/grpcfuse/pb/raw_file_system_grpc.pb.go:174.2,174.17 1 0
github.com/chiyutianyi/grpcfuse/pb/raw_file_system_grpc.pb.go:177.128,180.16 3 0
github.com/chiyutianyi/grpcfuse/pb/raw_file_system_grpc.pb.go:180.16,182.3 1 0
github.com/chiyutianyi/grpcfuse/pb/raw_file_system_grpc.pb.go:183.2,183.17 1 0
github.com/chiyutianyi/grpcfuse/pb/raw_file_system_grpc.pb.go:186.122,189.16 3 0
github.com/chiyutianyi/grpcfuse/pb/raw_file_system_grpc.pb.go:189.16,191.3 1 0
github.com/chiyutianyi/grpcfuse/pb/raw_file_system_grpc.pb.go:192.2,192.17 1 0
github.com/chiyutianyi/grpcfuse/pb/raw_file_system_grpc.pb.go:195.131,198.16 3 0
github.com/chiyutianyi/grpcfuse/pb/raw_file_system_grpc.pb.go:198.16,200.3 1 0
github.com/chiyutianyi/grpcfuse/pb/raw_file_system_grpc.pb.go:201.2,201.17 1 0
github.com/chiyutianyi/grpcfuse/pb/raw_file_system_grpc.pb.go:204.134,207.16 3 0
github.com/chiyutianyi/grpcfuse/pb/raw_file_system_grpc.pb.go:207.16,209.3 1 0
github.com/chiyutianyi/grpcfuse/pb/raw_file_system_grpc.pb.go:210.2,210.17 1 0
github.com/chiyutianyi/grpcfuse/pb/raw_file_system_grpc.pb.go:213.128,216.16 3 0
github.com/chiyutianyi/grpcfuse/pb/raw_file_system_grpc.pb.go:216.16,218.3 1 0
github.com/chiyutianyi/grpcfuse/pb/raw_file_system_grpc.pb.go:219.2,219.17 1 0
github.com/chiyutianyi/grpcfuse/pb/raw_file_system_grpc.pb.go:222.134,225.16 3 0
github.com/chiyutianyi/grpcfuse/pb/raw_file_system_grpc.pb.go:225.16,227.3 1 0
github.com/chiyutianyi/grpcfuse/pb/raw_file_system_grpc.pb.go:228.2,228.17 1 0
github.com/chiyutianyi/grpcfuse/pb/raw_file_system_grpc.pb.go:231.137,234.16 3 0
github.com/chiyutianyi/grpcfuse/pb/raw_file_system_grpc.pb.go:234.16,236.3 1 0
github.com/chiyutianyi/grpcfuse/pb/raw_file_system_grpc.pb.go:237.2,237.17 1 0
github.com/chiyutianyi/grpcfuse/pb/raw_file_system_grpc.pb.go:240.134,243.16 3 0
github.com/chiyutianyi/grpcfuse/pb/raw_file_system_grpc.pb.go:243.16,245.3 1 0
github.com/chiyutianyi/grpcfuse/pb/raw_file_system_grpc.pb.go:246.2,246.17 1 0
github.com/chiyutianyi/grpcfuse/pb/raw_file_system_grpc.pb.go:249.143,252.16 3 0
github.com/chiyutianyi/grpcfuse/pb/raw_file_system_grpc.pb.go:252.16,254.3 1 0
github.com/chiyutianyi/grpcfuse/pb/raw_file_system_grpc.pb.go:255.2,255.17 1 0
github.com/chiyutianyi/grpcfuse/pb/raw_file_system_grpc.pb.go:258.128,261.16 3 0
github.com/chiyutianyi/grpcfuse/pb/raw_file_system_grpc.pb.go:261.16,263.3 1 0
github.com/chiyutianyi/grpcfuse/pb/raw_file_system_grpc.pb.go:264.2,264.17 1 0
github.com/chiyutianyi/grpcfuse/pb/raw_file_system_grpc.pb.go:267.122,270.16 3 0
github.com/chiyutianyi/grpcfuse/pb/raw_file_system_grpc.pb.go:270.16,272.3 1 0
github.com/chiyutianyi/grpcfuse/pb/raw_file_system_grpc.pb.go:273.2,273.17 1 0
github.com/chiyutianyi/grpcfuse/pb/raw_file_system_grpc.pb.go:276.133,278.16 2 0
github.com/chiyutianyi/grpcfuse/pb/raw_file_system_grpc.pb.go:278.16,280.3 1 0
github.com/chiyutianyi/grpcfuse/pb/raw_file_system_grpc.pb.go:281.2,282.51 2 0
github.com/chiyutianyi/grpcfuse/pb/raw_file_system_grpc.pb.go:282.51,284.3 1 0
github.com/chiyutianyi/grpcfuse/pb/raw_file_system_grpc.pb.go:285.2,285.51 1 0
github.com/chiyutianyi/grpcfuse/pb/raw_file_system_grpc.pb.go:285.51,287.3 1 0
github.com/chiyutianyi/grpcfuse/pb/raw_file_system_grpc.pb.go:288.2,288.15 1 0
github.com/chiyutianyi/grpcfuse/pb/raw_file_system_grpc.pb.go:300.65,302.50 2 0
github.com/chiyutianyi/grpcfuse/pb/raw_file_system_grpc.pb.go:302.50,304.3 1 0
github.com/chiyutianyi/grpcfuse/pb/raw_file_system_grpc.pb.go:305.2,305.15 1 0
github.com/chiyutianyi/grpcfuse/pb/raw_file_system_grpc.pb.go:308.125,311.16 3 0
github.com/chiyutianyi/grpcfuse/pb/raw_file_system_grpc.pb.go:311.16,313.3 1 0
github.com/chiyutianyi/grpcfuse/pb/raw_file_system_grpc.pb.go:314.2,314.17 1 0
github.com/chiyutianyi/grpcfuse/pb/raw_file_system_grpc.pb.go:317.122,320.16 3 0
github.com/chiyutianyi/grpcfuse/pb/raw_file_system_grpc.pb.go:320.16,322.3 1 0
github.com/chiyutianyi/grpcfuse/pb/raw_file_system_grpc.pb.go:323.2,323.17 1 0
github.com/chiyutianyi/grpcfuse/pb/raw_file_system_grpc.pb.go:326.122,329.16 3 0
github.com/chiyutianyi/grpcfuse/pb/raw_file_system_grpc.pb.go:329.16,331.3 1 0
github.com/chiyutianyi/grpcfuse/pb/raw_file_system_grpc.pb.go:332.2,332.17 1 0
github.com/chiyutianyi/grpcfuse/pb/raw_file_system_grpc.pb.go:335.123,338.16 3 0
github.com/chiyutianyi/grpcfuse/pb/raw_file_system_grpc.pb.go:338.16,340.3 1 0
github.com/chiyutianyi/grpcfuse/pb/raw_file_system_grpc.pb.go:341.2,341.17 1 0
github.com/chiyutianyi/grpcfuse/pb/raw_file_system_grpc.pb.go:344.129,347.16 3 0
github.com/chiyutianyi/grpcfuse/pb/raw_file_system_grpc.pb.go:347.16,349.3 1 0
github.com/chiyutianyi/grpcfuse/pb/raw_file_system_grpc.pb.go:350.2,350.17 1 0
github.com/chiyutianyi/grpcfuse/pb/raw_file_system_grpc.pb.go:353.125,356.16 3 0
github.com/chiyutianyi/grpcfuse/pb/raw_file_system_grpc.pb.go:356.16,358.3 1 0
github.com/chiyutianyi/grpcfuse/pb/raw_file_system_grpc.pb.go:359.2,359.17 1 0
github.com/chiyutianyi/grpcfuse/pb/raw_file_system_grpc.pb.go:362.149,365.16 3 0
github.com/chiyutianyi/grpcfuse/pb/raw_file_system_grpc.pb.go:365.16,367.3 1 0
github.com/chiyutianyi/grpcfuse/pb/raw_file_system_grpc.pb.go:368.2,368.17 1 0
github.com/chiyutianyi/grpcfuse/pb/raw_file_system_grpc.pb.go:371.125,374.16 3 0
github.com/chiyutianyi/grpcfuse/pb/raw_file_system_grpc.pb.go:374.16,376.3 1 0
github.com/chiyutianyi/grpcfuse/pb/raw_file_system_grpc.pb.go:377.2,377.17 1 0
github.com/chiyutianyi/grpcfuse/pb/raw_file_system_grpc.pb.go:380.125,383.16 3 0
github.com/chiyutianyi/grpcfuse/pb/raw_file_system_grpc.pb.go:383.16,385.3 1 0
github.com/chiyutianyi/grpcfuse/pb/raw_file_system_grpc.pb.go:386.2,386.17 1 0
github.com/chiyutianyi/grpcfuse/pb/raw_file_system_grpc.pb.go:389.137,392.16 3 0
github.com/chiyutianyi/grpcfuse/pb/raw_file_system_grpc.pb.go:392.16,394.3 1 0
github.com/chiyutianyi/grpcfuse/pb/raw_file_system_grpc.pb.go:395.2,395.17 1 0
github.com/chiyutianyi/grpcfuse/pb/raw_file_system_grpc.pb.go:398.131,401.16 3 0
github.com/chiyutianyi/grpcfuse/pb/raw_file_system_grpc.pb.go:401.16,403.3 1 0
github.com/chiyutianyi/grpcfuse/pb/raw_file_system_grpc.pb.go:404.2,404.17 1 0
github.com/chiyutianyi/grpcfuse/pb/raw_file_system_grpc.pb.go:407.142,409.16 2 0
github.com/chiyutianyi/grpcfuse/pb/raw_file_system_grpc.pb.go:409.16,411.3 1 0
github.com/chiyutianyi/grpcfuse/pb/raw_file_system_grpc.pb.go:412.2,413.51 2 0
github.com/chiyutianyi/grpcfuse/pb/raw_file_system_grpc.pb.go:413.51,415.3 1 0
github.com/chiyutianyi/grpcfuse/pb/raw_file_system_grpc.pb.go:416.2,416.51 1 0
github.com/chiyutianyi/grpcfuse/pb/raw_file_system_grpc.pb.go:416.51,418.3 1 0
github.com/chiyutianyi/grpcfuse/pb/raw_file_system_grpc.pb.go:419.2,419.15 1 0
github.com/chiyutianyi/grpcfuse/pb/raw_file_system_grpc.pb.go:431.71,433.50 2 0
github.com/chiyutianyi/grpcfuse/pb/raw_file_system_grpc.pb.go:433.50,435.3 1 0
github.com/chiyutianyi/grpcfuse/pb/raw_file_system_grpc.pb.go:436.2,436.15 1 0
github.com/chiyutianyi/grpcfuse/pb/raw_file_system_grpc.pb.go:439.150,441.16 2 0
github.com/chiyutianyi/grpcfuse/pb/raw_file_system_grpc.pb.go:441.16,443.3 1 0
github.com/chiyutianyi/grpcfuse/pb/raw_file_system_grpc.pb.go:444.2,445.51 2 0
github.com/chiyutianyi/grpcfuse/pb/raw_file_system_grpc.pb.go:445.51,447.3 1 0
github.com/chiyutianyi/grpcfuse/pb/raw_file_system_grpc.pb.go:448.2,448.51 1 0
github.com/chiyutianyi/grpcfuse/pb/raw_file_system_grpc.pb.go:448.51,450.3 1 0
github.com/chiyutianyi/grpcfuse/pb/raw_file_system_grpc.pb.go:451.2,451.15 1 0
github.com/chiyutianyi/grpcfuse/pb/raw_file_system_grpc.pb.go:463.75,465.50 2 0
github.com/chiyutianyi/grpcfuse/pb/raw_file_system_grpc.pb.go:465.50,467.3 1 0
github.com/chiyutianyi/grpcfuse/pb/raw_file_system_grpc.pb.go:468.2,468.15 1 0
github.com/chiyutianyi/grpcfuse/pb/raw_file_system_grpc.pb.go:471.132,474.16 3 0
github.com/chiyutianyi/grpcfuse/pb/raw_file_system_grpc.pb.go:474.16,476.3 1 0
github.com/chiyutianyi/grpcfuse/pb/raw_file_system_grpc.pb.go:477.2,477.17 1 0
github.com/chiyutianyi/grpcfuse/pb/raw_file_system_grpc.pb.go:480.128,483.16 3 0
github.com/chiyutianyi/grpcfuse/pb/raw_file_system_grpc.pb.go:483.16,485.3 1 0
github.com/chiyutianyi/grpcfuse/pb/raw_file_system_grpc.pb.go:486.2,486.17 1 0
github.com/chiyutianyi/grpcfuse/pb/raw_file_system_grpc.pb.go:489.128,492.16 3 0
github.com/chiyutianyi/grpcfuse/pb/raw_file_system_grpc.pb.go:492.16,494.3 1 0
github.com/chiyutianyi/grpcfuse/pb/raw_file_system_grpc.pb.go:495.2,495.17 1 0
github.com/chiyutianyi/grpcfuse/pb/raw_file_system_grpc.pb.go:569.106,571.2 1 0
github.com/chiyutianyi/grpcfuse/pb/raw_file_system_grpc.pb.go:572.106,574.2 1 0
github.com/chiyutianyi/grpcfuse/pb/raw_file_system_grpc.pb.go:575.105,577.2 1 0
github.com/chiyutianyi/grpcfuse/pb/raw_file_system_grpc.pb.go:578.109,580.2 1 0
github.com/chiyutianyi/grpcfuse/pb/raw_file_system_grpc.pb.go:581.109,583.2 1 0
github.com/chiyutianyi/grpcfuse/pb/raw_file_system_grpc.pb.go:584.103,586.2 1 0
github.com/chiyutianyi/grpcfuse/pb/raw_file_system_grpc.pb.go:587.103,589.2 1 0
github.com/chiyutianyi/grpcfuse/pb/raw_file_system_grpc.pb.go:590.106,592.2 1 0
github.com/chiyutianyi/grpcfuse/pb/raw_file_system_grpc.pb.go:593.103,595.2 1 0
github.com/chiyutianyi/grpcfuse/pb/raw_file_system_grpc.pb.go:596.106,598.2 1 0
github.com/chiyutianyi/grpcfuse/pb/raw_file_system_grpc.pb.go:599.100,601.2 1 0
github.com/chiyutianyi/grpcfuse/pb/raw_file_system_grpc.pb.go:602.109,604.2 1 0
github.com/chiyutianyi/grpcfuse/pb/raw_file_system_grpc.pb.go:605.112,607.2 1 0
github.com/chiyutianyi/grpcfuse/pb/raw_file_system_grpc.pb.go:608.106,610.2 1 0
github.com/chiyutianyi/grpcfuse/pb/raw_file_system_grpc.pb.go:611.112,613.2 1 0
github.com/chiyutianyi/grpcfuse/pb/raw_file_system_grpc.pb.go:614.115,616.2 1 0
github.com/chiyutianyi/grpcfuse/pb/raw_file_system_grpc.pb.go:617.112,619.2 1 0
github.com/chiyutianyi/grpcfuse/pb/raw_file_system_grpc.pb.go:620.121,622.2 1 0
github.com/chiyutianyi/grpcfuse/pb/raw_file_system_grpc.pb.go:623.106,625.2 1 0
github.com/chiyutianyi/grpcfuse/pb/raw_file_system_grpc.pb.go:626.100,628.2 1 0
github.com/chiyutianyi/grpcfuse/pb/raw_file_system_grpc.pb.go:629.92,631.2 1 0
github.com/chiyutianyi/grpcfuse/pb/raw_file_system_grpc.pb.go:632.103,634.2 1 0
github.com/chiyutianyi/grpcfuse/pb/raw_file_system_grpc.pb.go:635.100,637.2 1 0
github.com/chiyutianyi/grpcfuse/pb/raw_file_system_grpc.pb.go:638.100,640.2 1 0
github.com/chiyutianyi/grpcfuse/pb/raw_file_system_grpc.pb.go:641.101,643.2 1 0
github.com/chiyutianyi/grpcfuse/pb/raw_file_system_grpc.pb.go:644.107,646.2 1 0
github.com/chiyutianyi/grpcfuse/pb/raw_file_system_grpc.pb.go:647.103,649.2 1 0
github.com/chiyutianyi/grpcfuse/pb/raw_file_system_grpc.pb.go:650.127,652.2 1 0
github.com/chiyutianyi/grpcfuse/pb/raw_file_system_grpc.pb.go:653.103,655.2 1 0
github.com/chiyutianyi/grpcfuse/pb/raw_file_system_grpc.pb.go:656.103,658.2 1 0
github.com/chiyutianyi/grpcfuse/pb/raw_file_system_grpc.pb.go:659.115,661.2 1 0
github.com/chiyutianyi/grpcfuse/pb/raw_file_system_grpc.pb.go:662.109,664.2 1 0
github.com/chiyutianyi/grpcfuse/pb/raw_file_system_grpc.pb.go:665.101,667.2 1 0
github.com/chiyutianyi/grpcfuse/pb/raw_file_system_grpc.pb.go:668.109,670.2 1 0
github.com/chiyutianyi/grpcfuse/pb/raw_file_system_grpc.pb.go:671.110,673.2 1 0
github.com/chiyutianyi/grpcfuse/pb/raw_file_system_grpc.pb.go:674.106,676.2 1 0
github.com/chiyutianyi/grpcfuse/pb/raw_file_system_grpc.pb.go:677.106,679.2 1 0
github.com/chiyutianyi/grpcfuse/pb/raw_file_system_grpc.pb.go:680.86,680.87 0 0
github.com/chiyutianyi/grpcfuse/pb/raw_file_system_grpc.pb.go:689.84,691.2 1 0
github.com/chiyutianyi/grpcfuse/pb/raw_file_system_grpc.pb.go:693.165,695.32 2 0
github.com/chiyutianyi/grpcfuse/pb/raw_file_system_grpc.pb.go:695.32,697.3 1 0
github.com/chiyutianyi/grpcfuse/pb/raw_file_system_grpc.pb.go:698.2,698.24 1 0
github.com/chiyutianyi/grpcfuse/pb/raw_file_system_grpc.pb.go:698.24,700.3 1 0
github.com/chiyutianyi/grpcfuse/pb/raw_file_system_grpc.pb.go:701.2,705.77 2 0
github.com/chiyutianyi/grpcfuse/pb/raw_file_system_grpc.pb.go:705.77,707.3 1 0
github.com/chiyutianyi/grpcfuse/pb/raw_file_system_grpc.pb.go:708.2,708.44 1 0
github.com/chiyutianyi/grpcfuse/pb/raw_file_system_grpc.pb.go:711.165,713.32 2 0
github.com/chiyutianyi/grpcfuse/pb/raw_file_system_grpc.pb.go:713.32,715.3 1 0
github.com/chiyutianyi/grpcfuse/pb/raw_file_system_grpc.pb.go:716.2,716.24 1 0
github.com/chiyutianyi/grpcfuse/pb/raw_file_system_grpc.pb.go:716.24,718.3 1 0
github.com/chiyutianyi/grpcfuse/pb/raw_file_system_grpc.pb.go:719.2,723.77 2 0
github.com/chiyutianyi/grpcfuse/pb/raw_file_system_grpc.pb.go:723.77,725.3 1 0
github.com/chiyutianyi/grpcfuse/pb/raw_file_system_grpc.pb.go:726.2,726.44 1 0
github.com/chiyutianyi/grpcfuse/pb/raw_file_system_grpc.pb.go:729.165,731.32 2 0
github.com/chiyutianyi/grpcfuse/pb/raw_file_system_grpc.pb.go:731.32,733.3 1 0
github.com/chiyutianyi/grpcfuse/pb/raw_file_system_grpc.pb.go:734.2,734.24 1 0
github.com/chiyutianyi/grpcfuse/pb/raw_file_system_grpc.pb.go:734.24,736.3 1 0
github.com/chiyutianyi/grpcfuse/pb/raw_file_system_grpc.pb.go:737.2,741.77 2 0
github.com/chiyutianyi/grpcfuse/pb/raw_file_system_grpc.pb.go:741.77,743.3 1 0
github.com/chiyutianyi/grpcfuse/pb/raw_file_system_grpc.pb.go:744.2,744.44 1 0
github.com/chiyutianyi/grpcfuse/pb/raw_file_system_grpc.pb.go:747.166,749.32 2 0
github.com/chiyutianyi/grpcfuse/pb/raw_file_system_grpc.pb.go:749.32,751.3 1 0
github.com/chiyutianyi/grpcfuse/pb/raw_file_system_grpc.pb.go:752.2,752.24 1 0
github.com/chiyutianyi/grpcfuse/pb/raw_file_system_grpc.pb.go:752.24,754.3 1 0
github.com/chiyutianyi/grpcfuse/pb/raw_file_system_grpc.pb.go:755.2,759.77 2 0
github.com/chiyutianyi/grpcfuse/pb/raw_file_system_grpc.pb.go:759.77,761.3 1 0
github.com/chiyutianyi/grpcfuse/pb/raw_file_system_grpc.pb.go:762.2,762.44 1 0
github.com/chiyutianyi/grpcfuse/pb/raw_file_system_grpc.pb.go:765.166,767.32 2 0
github.com/chiyutianyi/grpcfuse/pb/raw_file_system_grpc.pb.go:767.32,769.3 1 0
github.com/chiyutianyi/grpcfuse/pb/raw_file_system_grpc.pb.go:770.2,770.24 1 0
github.com/chiyutianyi/grpcfuse/pb/raw_file_system_grpc.pb.go:770.24,772.3 1 0
github.com/chiyutianyi/grpcfuse/pb/raw_file_system_grpc.pb.go:773.2,777.77 2 0
github.com/chiyutianyi/grpcfuse/pb/raw_file_system_grpc.pb.go:777.77,779.3 1 0
github.com/chiyutianyi/grpcfuse/pb/raw_file_system_grpc.pb.go:780.2,780.44 1 0
github.com/chiyutianyi/grpcfuse/pb/raw_file_system_grpc.pb.go:783.164,785.32 2 0
github.com/chiyutianyi/grpcfuse/pb/raw_file_system_grpc.pb.go:785.32,787.3 1 0
github.com/chiyutianyi/grpcfuse/pb/raw_file_system_grpc.pb.go:788.2,788.24 1 0
github.com/chiyutianyi/grpcfuse/pb/raw_file_system_grpc.pb.go:788.24,790.3 1 0
github.com/chiyutianyi/grpcfuse/pb/raw_file_system_grpc.pb.go:791.2,795.77 2 0
github.com/chiyutianyi/grpcfuse/pb/raw_file_system_grpc.pb.go:795.77,797.3 1 0
github.com/chiyutianyi/grpcfuse/pb/raw_file_system_grpc.pb.go:798.2,798.44 1 0
github.com/chiyutianyi/grpcfuse/pb/raw_file_system_grpc.pb.go:801.164,803.32 2 0
github.com/chiyutianyi/grpcfuse/pb/raw_file_system_grpc.pb.go:803.32,805.3 1 0
github.com/chiyutianyi/grpcfuse/pb/raw_file_system_grpc.pb.go:806.2,806.24 1 0
github.com/chiyutianyi/grpcfuse/pb/raw_file_system_grpc.pb.go:806.24,808.3 1 0
github.com/chiyutianyi/grpcfuse/pb/raw_file_system_grpc.pb.go:809.2,813.77 2 0
github.com/chiyutianyi/grpcfuse/pb/raw_file_system_grpc.pb.go:813.77,815.3 1 0
github.com/chiyutianyi/grpcfuse/pb/raw_file_system_grpc.pb.go:816.2,816.44 1 0
github.com/chiyutianyi/grpcfuse/pb/raw_file_system_grpc.pb.go:819.165,821.32 2 0
github.com/chiyutianyi/grpcfuse/pb/raw_file_system_grpc.pb.go:821.32,823.3 1 0
github.com/chiyutianyi/grpcfuse/pb/raw_file_system_grpc.pb.go:824.2,824.24 1 0
github.com/chiyutianyi/grpcfuse/pb/raw_file_system_grpc.pb.go:824.24,826.3 1 0
github.com/chiyutianyi/grpcfuse/pb/raw_file_system_grpc.pb.go:827.2,831.77 2 0
github.com/chiyutianyi/grpcfuse/pb/raw_file_system_grpc.pb.go:831.77,833.3 1 0
github.com/chiyutianyi/grpcfuse/pb/raw_file_system_grpc.pb.go:834.2,834.44 1 0
github.com/chiyutianyi/grpcfuse/pb/raw_file_system_grpc.pb.go:837.164,839.32 2 0
github.com/chiyutianyi/grpcfuse/pb/raw_file_system_grpc.pb.go:839.32,841.3 1 0
github.com/chiyutianyi/grpcfuse/pb/raw_file_system_grpc.pb.go:842.2,842.24 1 0
github.com/chiyutianyi/grpcfuse/pb/raw_file_system_grpc.pb.go:842.24,844.3 1 0
github.com/chiyutianyi/grpcfuse/pb/raw_file_system_grpc.pb.go:845.2,849.77 2 0
github.com/chiyutianyi/grpcfuse/pb/raw_file_system_grpc.pb.go:849.77,851.3 1 0
github.com/chiyutianyi/grpcfuse/pb/raw_file_system_grpc.pb.go:852.2,852.44 1 0
github.com/chiyutianyi/grpcfuse/pb/raw_file_system_grpc.pb.go:855.165,857.32 2 0
github.com/chiyutianyi/grpcfuse/pb/raw_file_system_grpc.pb.go:857.32,859.3 1 0
github.com/chiyutianyi/grpcfuse/pb/raw_file_system_grpc.pb.go:860.2,860.24 1 0
github.com/chiyutianyi/grpcfuse/pb/raw_file_system_grpc.pb.go:860.24,862.3 1 0
github.com/chiyutianyi/grpcfuse/pb/raw_file_system_grpc.pb.go:863.2,867.77 2 0
github.com/chiyutianyi/grpcfuse/pb/raw_file_system_grpc.pb.go:867.77,869.3 1 0
github.com/chiyutianyi/grpcfuse/pb/raw_file_system_grpc.pb.go:870.2,870.44 1 0
github.com/chiyutianyi/grpcfuse/pb/raw_file_system_grpc.pb.go:873.163,875.32 2 0
github.com/chiyutianyi/grpcfuse/pb/raw_file_system_grpc.pb.go:875.32,877.3 1 0
github.com/chiyutianyi/grpcfuse/pb/raw_file_system_grpc.pb.go:878.2,878.24 1 0
github.com/chiyutianyi/grpcfuse/pb/raw_file_system_grpc.pb.go:878.24,880.3 1 0
github.com/chiyutianyi/grpcfuse/pb/raw_file_system_grpc.pb.go:881.2,885.77 2 0
github.com/chiyutianyi/grpcfuse/pb/raw_file_system_grpc.pb.go:885.77,887.3 1 0
github.com/chiyutianyi/grpcfuse/pb/raw_file_system_grpc.pb.go:888.2,888.44 1 0
github.com/chiyutianyi/grpcfuse/pb/raw_file_system_grpc.pb.go:891.166,893.32 2 0
github.com/chiyutianyi/grpcfuse/pb/raw_file_system_grpc.pb.go:893.32,895.3 1 0
github.com/chiyutianyi/grpcfuse/pb/raw_file_system_grpc.pb.go:896.2,896.24 1 0
github.com/chiyutianyi/grpcfuse/pb/raw_file_system_grpc.pb.go:896.24,898.3 1 0
github.com/chiyutianyi/grpcfuse/pb/raw_file_system_grpc.pb.go:899.2,903.77 2 0
github.com/chiyutianyi/grpcfuse/pb/raw_file_system_grpc.pb.go:903.77,905.3 1 0
github.com/chiyutianyi/grpcfuse/pb/raw_file_system_grpc.pb.go:906.2,906.44 1 0
github.com/chiyutianyi/grpcfuse/pb/raw_file_system_grpc.pb.go:909.167,911.32 2 0
github.com/chiyutianyi/grpcfuse/pb/raw_file_system_grpc.pb.go:911.32,913.3 1 0
github.com/chiyutianyi/grpcfuse/pb/raw_file_system_grpc.pb.go:914.2,914.24 1 0
github.com/chiyutianyi/grpcfuse/pb/raw_file_system_grpc.pb.go:914.24,916.3 1 0
github.com/chiyutianyi/grpcfuse/pb/raw_file_system_grpc.pb.go:917.2,921.77 2 0
github.com/chiyutianyi/grpcfuse/pb/raw_file_system_grpc.pb.go:921.77,923.3 1 0
github.com/chiyutianyi/grpcfuse/pb/raw_file_system_grpc.pb.go:924.2,924.44 1 0
github.com/chiyutianyi/grpcfuse/pb/raw_file_system_grpc.pb.go:927.165,929.32 2 0
github.com/chiyutianyi/grpcfuse/pb/raw_file_system_grpc.pb.go:929.32,931.3 1 0
github.com/chiyutianyi/grpcfuse/pb/raw_file_system_grpc.pb.go:932.2,932.24 1 0
github.com/chiyutianyi/grpcfuse/pb/raw_file_system_grpc.pb.go:932.24,934.3 1 0
github.com/chiyutianyi/grpcfuse/pb/raw_file_system_grpc.pb.go:935.2,939.77 2 0
github.com/chiyutianyi/grpcfuse/pb/raw_file_system_grpc.pb.go:939.77,941.3 1 0
github.com/chiyutianyi/grpcfuse/pb/raw_file_system_grpc.pb.go:942.2,942.44 1 0
github.com/chiyutianyi/grpcfuse/pb/raw_file_system_grpc.pb.go:945.167,947.32 2 0
github.com/chiyutianyi/grpcfuse/pb/raw_file_system_grpc.pb.go:947.32,949.3 1 0
github.com/chiyutianyi/grpcfuse/pb/raw_file_system_grpc.pb.go:950.2,950.24 1 0
github.com/chiyutianyi/grpcfuse/pb/raw_file_system_grpc.pb.go:950.24,952.3 1 0
github.com/chiyutianyi/grpcfuse/pb/raw_file_system_grpc.pb.go:953.2,957.77 2 0
github.com/chiyutianyi/grpcfuse/pb/raw_file_system_grpc.pb.go:957.77,959.3 1 0
github.com/chiyutianyi/grpcfuse/pb/raw_file_system_grpc.pb.go:960.2,960.44 1 0
github.com/chiyutianyi/grpcfuse/pb/raw_file_system_grpc.pb.go:963.168,965.32 2 0
github.com/chiyutianyi/grpcfuse/pb/raw_file_system_grpc.pb.go:965.32,967.3 1 0
github.com/chiyutianyi/grpcfuse/pb/raw_file_system_grpc.pb.go:968.2,968.24 1 0
github.com/chiyutianyi/grpcfuse/pb/raw_file_system_grpc.pb.go:968.24,970.3 1 0
github.com/chiyutianyi/grpcfuse/pb/raw_file_system_grpc.pb.go:971.2,975.77 2 0
github.com/chiyutianyi/grpcfuse/pb/raw_file_system_grpc.pb.go:975.77,977.3 1 0
github.com/chiyutianyi/grpcfuse/pb/raw_file_system_grpc.pb.go:978.2,978.44 1 0
github.com/chiyutianyi/grpcfuse/pb/raw_file_system_grpc.pb.go:981.167,983.32 2 0
github.com/chiyutianyi/grpcfuse/pb/raw_file_system_grpc.pb.go:983.32,985.3 1 0
github.com/chiyutianyi/grpcfuse/pb/raw_file_system_grpc.pb.go:986.2,986.24 1 0
github.com/chiyutianyi/grpcfuse/pb/raw_file_system_grpc.pb.go:986.24,988.3 1 0
github.com/chiyutianyi/grpcfuse/pb/raw_file_system_grpc.pb.go:989.2,993.77 2 0
github.com/chiyutianyi/grpcfuse/pb/raw_file_system_grpc.pb.go:993.77,995.3 1 0
github.com/chiyutianyi/grpcfuse/pb/raw_file_system_grpc.pb.go:996.2,996.44 1 0
github.com/chiyutianyi/grpcfuse/pb/raw_file_system_grpc.pb.go:999.170,1001.32 2 0
github.com/chiyutianyi/grpcfuse/pb/raw_file_system_grpc.pb.go:1001.32,1003.3 1 0
github.com/chiyutianyi/grpcfuse/pb/raw_file_system_grpc.pb.go:1004.2,1004.24 1 0
github.com/chiyutianyi/grpcfuse/pb/raw_file_system_grpc.pb.go:1004.24,1006.3 1 0
github.com/chiyutianyi/grpcfuse/pb/raw_file_system_grpc.pb.go:1007.2,1011.77 2 0
github.com/chiyutianyi/grpcfuse/pb/raw_file_system_grpc.pb.go:1011.77,1013.3 1 0
github.com/chiyutianyi/grpcfuse/pb/raw_file_system_grpc.pb.go:1014.2,1014.44 1 0
github.com/chiyutianyi/grpcfuse/pb/raw_file_system_grpc.pb.go:1017.165,1019.32 2 0
github.com/chiyutianyi/grpcfuse/pb/raw_file_system_grpc.pb.go:1019.32,1021.3 1 0
github.com/chiyutianyi/grpcfuse/pb/raw_file_system_grpc.pb.go:1022.2,1022.24 1 0
github.com/chiyutianyi/grpcfuse/pb/raw_file_system_grpc.pb.go:1022.24,1024.3 1 0
github.com/chiyutianyi/grpcfuse/pb/raw_file_system_grpc.pb.go:1025.2,1029.77 2 0
github.com/chiyutianyi/grpcfuse/pb/raw_file_system_grpc.pb.go:1029.77,1031.3 1 0
github.com/chiyutianyi/grpcfuse/pb/raw_file_system_grpc.pb.go:1032.2,1032.44 1 0
github.com/chiyutianyi/grpcfuse/pb/raw_file_system_grpc.pb.go:1035.163,1037.32 2 0
github.com/chiyutianyi/grpcfuse/pb/raw_file_system_grpc.pb.go:1037.32,1039.3 1 0
github.com/chiyutianyi/grpcfuse/pb/raw_file_system_grpc.pb.go:1040.2,1040.24 1 0
github.com/chiyutianyi/grpcfuse/pb/raw_file_system_grpc.pb.go:1040.24,1042.3 1 0
github.com/chiyutianyi/grpcfuse/pb/raw_file_system_grpc.pb.go:1043.2,1047.77 2 0
github.com/chiyutianyi/grpcfuse/pb/raw_file_system_grpc.pb.go:1047.77,1049.3 1 0
github.com/chiyutianyi/grpcfuse/pb/raw_file_system_grpc.pb.go:1050.2,1050.44 1 0
github.com/chiyutianyi/grpcfuse/pb/raw_file_system_grpc.pb.go:1053.83,1055.42 2 0
github.com/chiyutianyi/grpcfuse/pb/raw_file_system_grpc.pb.go:1055.42,1057.3 1 0
github.com/chiyutianyi/grpcfuse/pb/raw_file_system_grpc.pb.go:1058.2,1058.76 1 0
github.com/chiyutianyi/grpcfuse/pb/raw_file_system_grpc.pb.go:1070.63,1072.2 1 0
github.com/chiyutianyi/grpcfuse/pb/raw_file_system_grpc.pb.go:1074.164,1076.32 2 0
github.com/chiyutianyi/grpcfuse/pb/raw_file_system_grpc.pb.go:1076.32,1078.3 1 0
github.com/chiyutianyi/grpcfuse/pb/raw_file_system_grpc.pb.go:1079.2,1079.24 1 0
github.com/chiyutianyi/grpcfuse/pb/raw_file_system_grpc.pb.go:1079.24,1081.3 1 0
github.com/chiyutianyi/grpcfuse/pb/raw_file_system_grpc.pb.go:1082.2,1086.77 2 0
github.com/chiyutianyi/grpcfuse/pb/raw_file_system_grpc.pb.go:1086.77,1088.3 1 0
github.com/chiyutianyi/grpcfuse/pb/raw_file_system_grpc.pb.go:1089.2,1089.44 1 0
github.com/chiyutianyi/grpcfuse/pb/raw_file_system_grpc.pb.go:1092.164,1094.32 2 0
github.com/chiyutianyi/grpcfuse/pb/raw_file_system_grpc.pb.go:1094.32,1096.3 1 0
github.com/chiyutianyi/grpcfuse/pb/raw_file_system_grpc.pb.go:1097.2,1097.24 1 0
github.com/chiyutianyi/grpcfuse/pb/raw_file_system_grpc.pb.go:1097.24,1099.3 1 0
github.com/chiyutianyi/grpcfuse/pb/raw_file_system_grpc.pb.go:1100.2,1104.77 2 0
github.com/chiyutianyi/grpcfuse/pb/raw_file_system_grpc.pb.go:1104.77,1106.3 1 0
github.com/chiyutianyi/grpcfuse/pb/raw_file_system_grpc.pb.go:1107.2,1107.44 1 0
github.com/chiyutianyi/grpcfuse/pb/raw_file_system_grpc.pb.go:1110.164,1112.32 2 0
github.com/chiyutianyi/grpcfuse/pb/raw_file_system_grpc.pb.go:1112.32,1114.3 1 0
github.com/chiyutianyi/grpcfuse/pb/raw_file_system_grpc.pb.go:1115.2,1115.24 1 0
github.com/chiyutianyi/grpcfuse/pb/raw_file_system_grpc.pb.go:1115.24,1117.3 1 0
github.com/chiyutianyi/grpcfuse/pb/raw_file_system_grpc.pb.go:1118.2,1122.77 2 0
github.com/chiyutianyi/grpcfuse/pb/raw_file_system_grpc.pb.go:1122.77,1124.3 1 0
github.com/chiyutianyi/grpcfuse/pb/raw_file_system_grpc.pb.go:1125.2,1125.44 1 0
github.com/chiyutianyi/grpcfuse/pb/raw_file_system_grpc.pb.go:1128.165,1130.32 2 0
github.com/chiyutianyi/grpcfuse/pb/raw_file_system_grpc.pb.go:1130.32,1132.3 1 0
github.com/chiyutianyi/grpcfuse/pb/raw_file_system_grpc.pb.go:1133.2,1133.24 1 0
github.com/chiyutianyi/grpcfuse/pb/raw_file_system_grpc.pb.go:1133.24,1135.3 1 0
github.com/chiyutianyi/grpcfuse/pb/raw_file_system_grpc.pb.go:1136.2,1140.77 2 0
github.com/chiyutianyi/grpcfuse/pb/raw_file_system_grpc.pb.go:1140.77,1142.3 1 0
github.com/chiyutianyi/grpcfuse/pb/raw_file_system_grpc.pb.go:1143.2,1143.44 1 0
github.com/chiyutianyi/grpcfuse/pb/raw_file_system_grpc.pb.go:1146.166,1148.32 2 0
github.com/chiyutianyi/grpcfuse/pb/raw_file_system_grpc.pb.go:1148.32,1150.3 1 0
github.com/chiyutianyi/grpcfuse/pb/raw_file_system_grpc.pb.go:1151.2,1151.24 1 0
github.com/chiyutianyi/grpcfuse/pb/raw_file_system_grpc.pb.go:1151.24,1153.3 1 0
github.com/chiyutianyi/grpcfuse/pb/raw_file_system_grpc.pb.go:1154.2,1158.77 2 0
github.com/chiyutianyi/grpcfuse/pb/raw_file_system_grpc.pb.go:1158.77,1160.3 1 0
github.com/chiyutianyi/grpcfuse/pb/raw_file_system_grpc.pb.go:1161.2,1161.44 1 0
github.com/chiyutianyi/grpcfuse/pb/raw_file_system_grpc.pb.go:1164.164,1166.32 2 0
github.com/chiyutianyi/grpcfuse/pb/raw_file_system_grpc.pb.go:1166.32,1168.3 1 0
github.com/chiyutianyi/grpcfuse/pb/raw_file_system_grpc.pb.go:1169.2,1169.24 1 0
github.com/chiyutianyi/grpcfuse/pb/raw_file_system_grpc.pb.go:1169.24,1171.3 1 0
github.com/chiyutianyi/grpcfuse/pb/raw_file_system_grpc.pb.go:1172.2,1176.77 2 0
github.com/chiyutianyi/grpcfuse/pb/raw_file_system_grpc.pb.go:1176.77,1178.3 1 0
github.com/chiyutianyi/grpcfuse/pb/raw_file_system_grpc.pb.go:1179.2,1179.44 1 0
github.com/chiyutianyi/grpcfuse/pb/raw_file_system_grpc.pb.go:1182.172,1184.32 2 0
github.com/chiyutianyi/grpcfuse/pb/raw_file_system_grpc.pb.go:1184.32,1186.3 1 0
github.com/chiyutianyi/grpcfuse/pb/raw_file_system_grpc.pb.go:1187.2,1187.24 1 0
github.com/chiyutianyi/grpcfuse/pb/raw_file_system_grpc.pb.go:1187.24,1189.3 1 0
github.com/chiyutianyi/grpcfuse/pb/raw_file_system_grpc.pb.go:1190.2,1194.77 2 0
github.com/chiyutianyi/grpcfuse/pb/raw_file_system_grpc.pb.go:1194.77,1196.3 1 0
github.com/chiyutianyi/grpcfuse/pb/raw_file_system_grpc.pb.go:1197.2,1197.44 1 0
github.com/chiyutianyi/grpcfuse/pb/raw_file_system_grpc.pb.go:1200.164,1202.32 2 0
github.com/chiyutianyi/grpcfuse/pb/raw_file_system_grpc.pb.go:1202.32,1204.3 1 0
github.com/chiyutianyi/grpcfuse/pb/raw_file_system_grpc.pb.go:1205.2,1205.24 1 0
github.com/chiyutianyi/grpcfuse/pb/raw_file_system_grpc.pb.go:1205.24,1207.3 1 0
github.com/chiyutianyi/grpcfuse/pb/raw_file_system_grpc.pb.go:1208.2,1212.77 2 0
github.com/chiyutianyi/grpcfuse/pb/raw_file_system_grpc.pb.go:1212.77,1214.3 1 0
github.com/chiyutianyi/grpcfuse/pb/raw_file_system_grpc.pb.go:1215.2,1215.44 1 0
github.com/chiyutianyi/grpcfuse/pb/raw_file_system_grpc.pb.go:1218.164,1220.32 2 0
github.com/chiyutianyi/grpcfuse/pb/raw_file_system_grpc.pb.go:1220.32,1222.3 1 0
github.com/chiyutianyi/grpcfuse/pb/raw_file_system_grpc.pb.go:1223.2,1223.24 1 0
github.com/chiyutianyi/grpcfuse/pb/raw_file_system_grpc.pb.go:1223.24,1225.3 1 0
github.com/chiyutianyi/grpcfuse/pb/raw_file_system_grpc.pb.go:1226.2,1230.77 2 0
github.com/chiyutianyi/grpcfuse/pb/raw_file_system_grpc.pb.go:1230.77,1232.3 1 0
github.com/chiyutianyi/grpcfuse/pb/raw_file_system_grpc.pb.go:1233.2,1233.44 1 0
github.com/chiyutianyi/grpcfuse/pb/raw_file_system_grpc.pb.go:1236.168,1238.32 2 0
github.com/chiyutianyi/grpcfuse/pb/raw_file_system_grpc.pb.go:1238.32,1240.3 1 0
github.com/chiyutianyi/grpcfuse/pb/raw_file_system_grpc.pb.go:1241.2,1241.24 1 0
github.com/chiyutianyi/grpcfuse/pb/raw_file_system_grpc.pb.go:1241.24,1243.3 1 0
github.com/chiyutianyi/grpcfuse/pb/raw_file_system_grpc.pb.go:1244.2,1248.77 2 0
github.com/chiyutianyi/grpcfuse/pb/raw_file_system_grpc.pb.go:1248.77,1250.3 1 0
github.com/chiyutianyi/grpcfuse/pb/raw_file_system_grpc.pb.go:1251.2,1251.44 1 0
github.com/chiyutianyi/grpcfuse/pb/raw_file_system_grpc.pb.go:1254.166,1256.32 2 0
github.com/chiyutianyi/grpcfuse/pb/raw_file_system_grpc.pb.go:1256.32,1258.3 1 0
github.com/chiyutianyi/grpcfuse/pb/raw_file_system_grpc.pb.go:1259.2,1259.24 1 0
github.com/chiyutianyi/grpcfuse/pb/raw_file_system_grpc.pb.go:1259.24,1261.3 1 0
github.com/chiyutianyi/grpcfuse/pb/raw_file_system_grpc.pb.go:1262.2,1266.77 2 0
github.com/chiyutianyi/grpcfuse/pb/raw_file_system_grpc.pb.go:1266.77,1268.3 1 0
github.com/chiyutianyi/grpcfuse/pb/raw_file_system_grpc.pb.go:1269.2,1269.44 1 0
github.com/chiyutianyi/grpcfuse/pb/raw_file_system_grpc.pb.go:1272.86,1274.42 2 0
github.com/chiyutianyi/grpcfuse/pb/raw_file_system_grpc.pb.go:1274.42,1276.3 1 0
github.com/chiyutianyi/grpcfuse/pb/raw_file_system_grpc.pb.go:1277.2,1277.82 1 0
github.com/chiyutianyi/grpcfuse/pb/raw_file_system_grpc.pb.go:1289.69,1291.2 1 0
github.com/chiyutianyi/grpcfuse/pb/raw_file_system_grpc.pb.go:1293.90,1295.42 2 0
github.com/chiyutianyi/grpcfuse/pb/raw_file_system_grpc.pb.go:1295.42,1297.3 1 0
github.com/chiyutianyi/grpcfuse/pb/raw_file_system_grpc.pb.go:1298.2,1298.90 1 0
github.com/chiyutianyi/grpcfuse/pb/raw_file_system_grpc.pb.go:1310.73,1312.2 1 0
github.com/chiyutianyi/grpcfuse/pb/raw_file_system_grpc.pb.go:1314.169,1316.32 2 0
github.com/chiyutianyi/grpcfuse/pb/raw_file_system_grpc.pb.go:1316.32,1318.3 1 0
github.com/chiyutianyi/grpcfuse/pb/raw_file_system_grpc.pb.go:1319.2,1319.24 1 0
github.com/chiyutianyi/grpcfuse/pb/raw_file_system_grpc.pb.go:1319.24,1321.3 1 0
github.com/chiyutianyi/grpcfuse/pb/raw_file_system_grpc.pb.go:1322.2,1326.77 2 0
github.com/chiyutianyi/grpcfuse/pb/raw_file_system_grpc.pb.go:1326.77,1328.3 1 0
github.com/chiyutianyi/grpcfuse/pb/raw_file_system_grpc.pb.go:1329.2,1329.44 1 0
github.com/chiyutianyi/grpcfuse/pb/raw_file_system_grpc.pb.go:1332.167,1334.32 2 0
github.com/chiyutianyi/grpcfuse/pb/raw_file_system_grpc.pb.go:1334.32,1336.3 1 0
github.com/chiyutianyi/grpcfuse/pb/raw_file_system_grpc.pb.go:1337.2,1337.24 1 0
github.com/chiyutianyi/grpcfuse/pb/raw_file_system_grpc.pb.go:1337.24,1339.3 1 0
github.com/chiyutianyi/grpcfuse/pb/raw_file_system_grpc.pb.go:1340.2,1344.77 2 0
github.com/chiyutianyi/grpcfuse/pb/raw_file_system_grpc.pb.go:1344.77,1346.3 1 0
github.com/chiyutianyi/grpcfuse/pb/raw_file_system_grpc.pb.go:1347.2,1347.44 1 0
github.com/chiyutianyi/grpcfuse/pb/raw_file_system_grpc.pb.go:1350.165,1352.32 2 0
github.com/chiyutianyi/grpcfuse/pb/raw_file_system_grpc.pb.go:1352.32,1354.3 1 0
github.com/chiyutianyi/grpcfuse/pb/raw_file_system_grpc.pb.go:1355.2,1355.24 1 0
github.com/chiyutianyi/grpcfuse/pb/raw_file_system_grpc.pb.go:1355.24,1357.3 1 0
github.com/chiyutianyi/grpcfuse/pb/raw_file_system_grpc.pb.go:1358.2,1362.77 2 0
github.com/chiyutianyi/grpcfuse/pb/raw_file_system_grpc.pb.go:1362.77,1364.3 1 0
github.com/chiyutianyi/grpcfuse/pb/raw_file_system_grpc.pb.go:1365.2,1365.44 1 0
github.com/chiyutianyi/grpcfuse/pb/shared.pb.go:47.26,49.29 2 0
github.com/chiyutianyi/grpcfuse/pb/shared.pb.go:49.29,53.3 3 0
github.com/chiyutianyi/grpcfuse/pb/shared.pb.go:56.34,58.2 1 0
github.com/chiyutianyi/grpcfuse/pb/shared.pb.go:60.32,60.33 0 0
github.com/chiyutianyi/grpcfuse/pb/shared.pb.go:62.54,64.41 2 0
github.com/chiyutianyi/grpcfuse/pb/shared.pb.go:64.41,66.34 2 0
github.com/chiyutianyi/grpcfuse/pb/shared.pb.go:66.34,68.4 1 0
github.com/chiyutianyi/grpcfuse/pb/shared.pb.go:69.3,69.12 1 0
github.com/chiyutianyi/grpcfuse/pb/shared.pb.go:71.2,71.24 1 0
github.com/chiyutianyi/grpcfuse/pb/shared.pb.go:75.45,77.2 1 0
github.com/chiyutianyi/grpcfuse/pb/shared.pb.go:79.34,80.14 1 0
github.com/chiyutianyi/grpcfuse/pb/shared.pb.go:80.14,82.3 1 0
github.com/chiyutianyi/grpcfuse/pb/shared.pb.go:83.2,83.10 1 0
github.com/chiyutianyi/grpcfuse/pb/shared.pb.go:95.25,97.29 2 0
github.com/chiyutianyi/grpcfuse/pb/shared.pb.go:97.29,101.3 3 0
github.com/chiyutianyi/grpcfuse/pb/shared.pb.go:104.33,106.2 1 0
github.com/chiyutianyi/grpcfuse/pb/shared.pb.go:108.31,108.32 0 0
github.com/chiyutianyi/grpcfuse/pb/shared.pb.go:110.53,112.41 2 0
github.com/chiyutianyi/grpcfuse/pb/shared.pb.go:112.41,114.34 2 0
github.com/chiyutianyi/grpcfuse/pb/shared.pb.go:114.34,116.4 1 0
github.com/chiyutianyi/grpcfuse/pb/shared.pb.go:117.3,117.12 1 0
github.com/chiyutianyi/grpcfuse/pb/shared.pb.go:119.2,119.24 1 0
github.com/chiyutianyi/grpcfuse/pb/shared.pb.go:123.44,125.2 1 0
github.com/chiyutianyi/grpcfuse/pb/shared.pb.go:127.33,128.14 1 0
github.com/chiyutianyi/grpcfuse/pb/shared.pb.go:128.14,130.3 1 0
github.com/chiyutianyi/grpcfuse/pb/shared.pb.go:131.2,131.10 1 0
github.com/chiyutianyi/grpcfuse/pb/shared.pb.go:134.33,135.14 1 0
github.com/chiyutianyi/grpcfuse/pb/shared.pb.go:135.14,137.3 1 0
github.com/chiyutianyi/grpcfuse/pb/shared.pb.go:138.2,138.10 1 0
github.com/chiyutianyi/grpcfuse/pb/shared.pb.go:150.26,152.29 2 0
github.com/chiyutianyi/grpcfuse/pb/shared.pb.go:152.29,156.3 3 0
github.com/chiyutianyi/grpcfuse/pb/shared.pb.go:159.34,161.2 1 0
github.com/chiyutianyi/grpcfuse/pb/shared.pb.go:163.32,163.33 0 0
github.com/chiyutianyi/grpcfuse/pb/shared.pb.go:165.54,167.41 2 0
github.com/chiyutianyi/grpcfuse/pb/shared.pb.go:167.41,169.34 2 0
github.com/chiyutianyi/grpcfuse/pb/shared.pb.go:169.34,171.4 1 0
github.com/chiyutianyi/grpcfuse/pb/shared.pb.go:172.3,172.12 1 0
github.com/chiyutianyi/grpcfuse/pb/shared.pb.go:174.2,174.24 1 0
github.com/chiyutianyi/grpcfuse/pb/shared.pb.go:178.45,180.2 1 0
github.com/chiyutianyi/grpcfuse/pb/shared.pb.go:182.36,183.14 1 0
github.com/chiyutianyi/grpcfuse/pb/shared.pb.go:183.14,185.3 1 0
github.com/chiyutianyi/grpcfuse/pb/shared.pb.go:186.2,186.12 1 0
github.com/chiyutianyi/grpcfuse/pb/shared.pb.go:189.34,190.14 1 0
github.com/chiyutianyi/grpcfuse/pb/shared.pb.go:190.14,192.3 1 0
github.com/chiyutianyi/grpcfuse/pb/shared.pb.go:193.2,193.10 1 0
github.com/chiyutianyi/grpcfuse/pb/shared.pb.go:209.28,211.29 2 0
github.com/chiyutianyi/grpcfuse/pb/shared.pb.go:211.29,215.3 3 0
github.com/chiyutianyi/grpcfuse/pb/shared.pb.go:218.36,220.2 1 0
github.com/chiyutianyi/grpcfuse/pb/shared.pb.go:222.34,222.35 0 0
github.com/chiyutianyi/grpcfuse/pb/shared.pb.go:224.56,226.41 2 0
github.com/chiyutianyi/grpcfuse/pb/shared.pb.go:226.41,228.34 2 0
github.com/chiyutianyi/grpcfuse/pb/shared.pb.go:228.34,230.4 1 0
github.com/chiyutianyi/grpcfuse/pb/shared.pb.go:231.3,231.12 1 0
github.com/chiyutianyi/grpcfuse/pb/shared.pb.go:233.2,233.24 1 0
github.com/chiyutianyi/grpcfuse/pb/shared.pb.go:237.47,239.2 1 0
github.com/chiyutianyi/grpcfuse/pb/shared.pb.go:241.39,242.14 1 0
github.com/chiyutianyi/grpcfuse/pb/shared.pb.go:242.14,244.3 1 0
github.com/chiyutianyi/grpcfuse/pb/shared.pb.go:245.2,245.10 1 0
github.com/chiyutianyi/grpcfuse/pb/shared.pb.go:248.39,249.14 1 0
github.com/chiyutianyi/grpcfuse/pb/shared.pb.go:249.14,251.3 1 0
github.com/chiyutianyi/grpcfuse/pb/shared.pb.go:252.2,252.10 1 0
github.com/chiyutianyi/grpcfuse/pb/shared.pb.go:255.39,256.14 1 0
github.com/chiyutianyi/grpcfuse/pb/shared.pb.go:256.14,258.3 1 0
github.com/chiyutianyi/grpcfuse/pb/shared.pb.go:259.2,259.10 1 0
github.com/chiyutianyi/grpcfuse/pb/shared.pb.go:262.39,263.14 1 0
github.com/chiyutianyi/grpcfuse/pb/shared.pb.go:263.14,265.3 1 0
github.com/chiyutianyi/grpcfuse/pb/shared.pb.go:266.2,266.10 1 0
github.com/chiyutianyi/grpcfuse/pb/shared.pb.go:269.40,270.14 1 0
github.com/chiyutianyi/grpcfuse/pb/shared.pb.go:270.14,272.3 1 0
github.com/chiyutianyi/grpcfuse/pb/shared.pb.go:273.2,273.12 1 0
github.com/chiyutianyi/grpcfuse/pb/shared.pb.go:276.40,277.14 1 0
github.com/chiyutianyi/grpcfuse/pb/shared.pb.go:277.14,279.3 1 0
github.com/chiyutianyi/grpcfuse/pb/shared.pb.go:280.2,280.10 1 0
github.com/chiyutianyi/grpcfuse/pb/shared.pb.go:308.24,310.29 2 0
github.com/chiyutianyi/grpcfuse/pb/shared.pb.go:310.29,314.3 3 0
github.com/chiyutianyi/grpcfuse/pb/shared.pb.go:317.32,319.2 1 0
github.com/chiyutianyi/grpcfuse/pb/shared.pb.go:321.30,321.31 0 0
github.com/chiyutianyi/grpcfuse/pb/shared.pb.go:323.52,325.41 2 0
github.com/chiyutianyi/grpcfuse/pb/shared.pb.go:325.41,327.34 2 0
github.com/chiyutianyi/grpcfuse/pb/shared.pb.go:327.34,329.4 1 0
github.com/chiyutianyi/grpcfuse/pb/shared.pb.go:330.3,330.12 1 0
github.com/chiyutianyi/grpcfuse/pb/shared.pb.go:332.2,332.24 1 0
github.com/chiyutianyi/grpcfuse/pb/shared.pb.go:336.43,338.2 1 0
github.com/chiyutianyi/grpcfuse/pb/shared.pb.go:340.32,341.14 1 0
github.com/chiyutianyi/grpcfuse/pb/shared.pb.go:341.14,343.3 1 0
github.com/chiyutianyi/grpcfuse/pb/shared.pb.go:344.2,344.10 1 0
github.com/chiyutianyi/grpcfuse/pb/shared.pb.go:347.33,348.14 1 0
github.com/chiyutianyi/grpcfuse/pb/shared.pb.go:348.14,350.3 1 0
github.com/chiyutianyi/grpcfuse/pb/shared.pb.go:351.2,351.10 1 0
github.com/chiyutianyi/grpcfuse/pb/shared.pb.go:354.35,355.14 1 0
github.com/chiyutianyi/grpcfuse/pb/shared.pb.go:355.14,357.3 1 0
github.com/chiyutianyi/grpcfuse/pb/shared.pb.go:358.2,358.10 1 0
github.com/chiyutianyi/grpcfuse/pb/shared.pb.go:361.34,362.14 1 0
github.com/chiyutianyi/grpcfuse/pb/shared.pb.go:362.14,364.3 1 0
github.com/chiyutianyi/grpcfuse/pb/shared.pb.go:365.2,365.10 1 0
github.com/chiyutianyi/grpcfuse/pb/shared.pb.go:368.34,369.14 1 0
github.com/chiyutianyi/grpcfuse/pb/shared.pb.go:369.14,371.3 1 0
github.com/chiyutianyi/grpcfuse/pb/shared.pb.go:372.2,372.10 1 0
github.com/chiyutianyi/grpcfuse/pb/shared.pb.go:375.34,376.14 1 0
github.com/chiyutianyi/grpcfuse/pb/shared.pb.go:376.14,378.3 1 0
github.com/chiyutianyi/grpcfuse/pb/shared.pb.go:379.2,379.10 1 0
github.com/chiyutianyi/grpcfuse/pb/shared.pb.go:382.38,383.14 1 0
github.com/chiyutianyi/grpcfuse/pb/shared.pb.go:383.14,385.3 1 0
github.com/chiyutianyi/grpcfuse/pb/shared.pb.go:386.2,386.10 1 0
github.com/chiyutianyi/grpcfuse/pb/shared.pb.go:389.38,390.14 1 0
github.com/chiyutianyi/grpcfuse/pb/shared.pb.go:390.14,392.3 1 0
github.com/chiyutianyi/grpcfuse/pb/shared.pb.go:393.2,393.10 1 0
github.com/chiyutianyi/grpcfuse/pb/shared.pb.go:396.38,397.14 1 0
github.com/chiyutianyi/grpcfuse/pb/shared.pb.go:397.14,399.3 1 0
github.com/chiyutianyi/grpcfuse/pb/shared.pb.go:400.2,400.10 1 0
github.com/chiyutianyi/grpcfuse/pb/shared.pb.go:403.33,404.14 1 0
github.com/chiyutianyi/grpcfuse/pb/shared.pb.go:404.14,406.3 1 0
github.com/chiyutianyi/grpcfuse/pb/shared.pb.go:407.2,407.10 1 0
github.com/chiyutianyi/grpcfuse/pb/shared.pb.go:410.34,411.14 1 0
github.com/chiyutianyi/grpcfuse/pb/shared.pb.go:411.14,413.3 1 0
github.com/chiyutianyi/grpcfuse/pb/shared.pb.go:414.2,414.10 1 0
github.com/chiyutianyi/grpcfuse/pb/shared.pb.go:417.34,418.14 1 0
github.com/chiyutianyi/grpcfuse/pb/shared.pb.go:418.14,420.3 1 0
github.com/chiyutianyi/grpcfuse/pb/shared.pb.go:421.2,421.12 1 0
github.com/chiyutianyi/grpcfuse/pb/shared.pb.go:424.33,425.14 1 0
github.com/chiyutianyi/grpcfuse/pb/shared.pb.go:425.14,427.3 1 0
github.com/chiyutianyi/grpcfuse/pb/shared.pb.go:428.2,428.10 1 0
github.com/chiyutianyi/grpcfuse/pb/shared.pb.go:431.34,432.14 1 0
github.com/chiyutianyi/grpcfuse/pb/shared.pb.go:432.14,434.3 1 0
github.com/chiyutianyi/grpcfuse/pb/shared.pb.go:435.2,435.10 1 0
github.com/chiyutianyi/grpcfuse/pb/shared.pb.go:438.36,439.14 1 0
github.com/chiyutianyi/grpcfuse/pb/shared.pb.go:439.14,441.3 1 0
github.com/chiyutianyi/grpcfuse/pb/shared.pb.go:442.2,442.10 1 0
github.com/chiyutianyi/grpcfuse/pb/shared.pb.go:445.36,446.14 1 0
github.com/chiyutianyi/grpcfuse/pb/shared.pb.go:446.14,448.3 1 0
github.com/chiyutianyi/grpcfuse/pb/shared.pb.go:449.2,449.10 1 0
github.com/chiyutianyi/grpcfuse/pb/shared.pb.go:463.27,465.29 2 0
github.com/chiyutianyi/grpcfuse/pb/shared.pb.go:465.29,469.3 3 0
github.com/chiyutianyi/grpcfuse/pb/shared.pb.go:472.35,474.2 1 0
github.com/chiyutianyi/grpcfuse/pb/shared.pb.go:476.33,476.34 0 0
github.com/chiyutianyi/grpcfuse/pb/shared.pb.go:478.55,480.41 2 0
github.com/chiyutianyi/grpcfuse/pb/shared.pb.go:480.41,482.34 2 0
github.com/chiyutianyi/grpcfuse/pb/shared.pb.go:482.34,484.4 1 0
github.com/chiyutianyi/grpcfuse/pb/shared.pb.go:485.3,485.12 1 0
github.com/chiyutianyi/grpcfuse/pb/shared.pb.go:487.2,487.24 1 0
github.com/chiyutianyi/grpcfuse/pb/shared.pb.go:491.46,493.2 1 0
github.com/chiyutianyi/grpcfuse/pb/shared.pb.go:495.41,496.14 1 0
github.com/chiyutianyi/grpcfuse/pb/shared.pb.go:496.14,498.3 1 0
github.com/chiyutianyi/grpcfuse/pb/shared.pb.go:499.2,499.10 1 0
github.com/chiyutianyi/grpcfuse/pb/shared.pb.go:502.45,503.14 1 0
github.com/chiyutianyi/grpcfuse/pb/shared.pb.go:503.14,505.3 1 0
github.com/chiyutianyi/grpcfuse/pb/shared.pb.go:506.2,506.10 1 0
github.com/chiyutianyi/grpcfuse/pb/shared.pb.go:509.37,510.14 1 0
github.com/chiyutianyi/grpcfuse/pb/shared.pb.go:510.14,512.3 1 0
github.com/chiyutianyi/grpcfuse/pb/shared.pb.go:513.2,513.10 1 0
github.com/chiyutianyi/grpcfuse/pb/shared.pb.go:516.35,517.14 1 0
github.com/chiyutianyi/grpcfuse/pb/shared.pb.go:517.14,519.3 1 0
github.com/chiyutianyi/grpcfuse/pb/shared.pb.go:520.2,520.12 1 0
github.com/chiyutianyi/grpcfuse/pb/shared.pb.go:537.28,539.29 2 0
github.com/chiyutianyi/grpcfuse/pb/shared.pb.go:539.29,543.3 3 0
github.com/chiyutianyi/grpcfuse/pb/shared.pb.go:546.36,548.2 1 0
github.com/chiyutianyi/grpcfuse/pb/shared.pb.go:550.34,550.35 0 0
github.com/chiyutianyi/grpcfuse/pb/shared.pb.go:552.56,554.41 2 0
github.com/chiyutianyi/grpcfuse/pb/shared.pb.go:554.41,556.34 2 0
github.com/chiyutianyi/grpcfuse/pb/shared.pb.go:556.34,558.4 1 0
github.com/chiyutianyi/grpcfuse/pb/shared.pb.go:559.3,559.12 1 0
github.com/chiyutianyi/grpcfuse/pb/shared.pb.go:561.2,561.24 1 0
github.com/chiyutianyi/grpcfuse/pb/shared.pb.go:565.47,567.2 1 0
github.com/chiyutianyi/grpcfuse/pb/shared.pb.go:569.39,570.14 1 0
github.com/chiyutianyi/grpcfuse/pb/shared.pb.go:570.14,572.3 1 0
github.com/chiyutianyi/grpcfuse/pb/shared.pb.go:573.2,573.10 1 0
github.com/chiyutianyi/grpcfuse/pb/shared.pb.go:576.43,577.14 1 0
github.com/chiyutianyi/grpcfuse/pb/shared.pb.go:577.14,579.3 1 0
github.com/chiyutianyi/grpcfuse/pb/shared.pb.go:580.2,580.10 1 0
github.com/chiyutianyi/grpcfuse/pb/shared.pb.go:583.43,584.14 1 0
github.com/chiyutianyi/grpcfuse/pb/shared.pb.go:584.14,586.3 1 0
github.com/chiyutianyi/grpcfuse/pb/shared.pb.go:587.2,587.10 1 0
github.com/chiyutianyi/grpcfuse/pb/shared.pb.go:590.42,591.14 1 0
github.com/chiyutianyi/grpcfuse/pb/shared.pb.go:591.14,593.3 1 0
github.com/chiyutianyi/grpcfuse/pb/shared.pb.go:594.2,594.10 1 0
github.com/chiyutianyi/grpcfuse/pb/shared.pb.go:597.47,598.14 1 0
github.com/chiyutianyi/grpcfuse/pb/shared.pb.go:598.14,600.3 1 0
github.com/chiyutianyi/grpcfuse/pb/shared.pb.go:601.2,601.10 1 0
github.com/chiyutianyi/grpcfuse/pb/shared.pb.go:604.46,605.14 1 0
github.com/chiyutianyi/grpcfuse/pb/shared.pb.go:605.14,607.3 1 0
github.com/chiyutianyi/grpcfuse/pb/shared.pb.go:608.2,608.10 1 0
github.com/chiyutianyi/grpcfuse/pb/shared.pb.go:611.36,612.14 1 0
github.com/chiyutianyi/grpcfuse/pb/shared.pb.go:612.14,614.3 1 0
github.com/chiyutianyi/grpcfuse/pb/shared.pb.go:615.2,615.12 1 0
github.com/chiyutianyi/grpcfuse/pb/shared.pb.go:628.26,630.29 2 0
github.com/chiyutianyi/grpcfuse/pb/shared.pb.go:630.29,634.3 3 0
github.com/chiyutianyi/grpcfuse/pb/shared.pb.go:637.34,639.2 1 0
github.com/chiyutianyi/grpcfuse/pb/shared.pb.go:641.32,641.33 0 0
github.com/chiyutianyi/grpcfuse/pb/shared.pb.go:643.54,645.41 2 0
github.com/chiyutianyi/grpcfuse/pb/shared.pb.go:645.41,647.34 2 0
github.com/chiyutianyi/grpcfuse/pb/shared.pb.go:647.34,649.4 1 0
github.com/chiyutianyi/grpcfuse/pb/shared.pb.go:650.3,650.12 1 0
github.com/chiyutianyi/grpcfuse/pb/shared.pb.go:652.2,652.24 1 0
github.com/chiyutianyi/grpcfuse/pb/shared.pb.go:656.45,658.2 1 0
github.com/chiyutianyi/grpcfuse/pb/shared.pb.go:660.40,661.14 1 0
github.com/chiyutianyi/grpcfuse/pb/shared.pb.go:661.14,663.3 1 0
github.com/chiyutianyi/grpcfuse/pb/shared.pb.go:664.2,664.12 1 0
github.com/chiyutianyi/grpcfuse/pb/shared.pb.go:667.36,668.14 1 0
github.com/chiyutianyi/grpcfuse/pb/shared.pb.go:668.14,670.3 1 0
github.com/chiyutianyi/grpcfuse/pb/shared.pb.go:671.2,671.10 1 0
github.com/chiyutianyi/grpcfuse/pb/shared.pb.go:674.35,675.14 1 0
github.com/chiyutianyi/grpcfuse/pb/shared.pb.go:675.14,677.3 1 0
github.com/chiyutianyi/grpcfuse/pb/shared.pb.go:678.2,678.10 1 0
github.com/chiyutianyi/grpcfuse/pb/shared.pb.go:691.27,693.29 2 0
github.com/chiyutianyi/grpcfuse/pb/shared.pb.go:693.29,697.3 3 0
github.com/chiyutianyi/grpcfuse/pb/shared.pb.go:700.35,702.2 1 0
github.com/chiyutianyi/grpcfuse/pb/shared.pb.go:704.33,704.34 0 0
github.com/chiyutianyi/grpcfuse/pb/shared.pb.go:706.55,708.41 2 0
github.com/chiyutianyi/grpcfuse/pb/shared.pb.go:708.41,710.34 2 0
github.com/chiyutianyi/grpcfuse/pb/shared.pb.go:710.34,712.4 1 0
github.com/chiyutianyi/grpcfuse/pb/shared.pb.go:713.3,713.12 1 0
github.com/chiyutianyi/grpcfuse/pb/shared.pb.go:715.2,715.24 1 0
github.com/chiyutianyi/grpcfuse/pb/shared.pb.go:719.46,721.2 1 0
github.com/chiyutianyi/grpcfuse/pb/shared.pb.go:723.34,724.14 1 0
github.com/chiyutianyi/grpcfuse/pb/shared.pb.go:724.14,726.3 1 0
github.com/chiyutianyi/grpcfuse/pb/shared.pb.go:727.2,727.10 1 0
github.com/chiyutianyi/grpcfuse/pb/shared.pb.go:730.41,731.14 1 0
github.com/chiyutianyi/grpcfuse/pb/shared.pb.go:731.14,733.3 1 0
github.com/chiyutianyi/grpcfuse/pb/shared.pb.go:734.2,734.10 1 0
github.com/chiyutianyi/grpcfuse/pb/shared.pb.go:737.39,738.14 1 0
github.com/chiyutianyi/grpcfuse/pb/shared.pb.go:738.14,740.3 1 0
github.com/chiyutianyi/grpcfuse/pb/shared.pb.go:741.2,741.10 1 0
github.com/chiyutianyi/grpcfuse/pb/shared.pb.go:759.26,761.29 2 0
github.com/chiyutianyi/grpcfuse/pb/shared.pb.go:761.29,765.3 3 0
github.com/chiyutianyi/grpcfuse/pb/shared.pb.go:768.34,770.2 1 0
github.com/chiyutianyi/grpcfuse/pb/shared.pb.go:772.32,772.33 0 0
github.com/chiyutianyi/grpcfuse/pb/shared.pb.go:774.54,776.41 2 0
github.com/chiyutianyi/grpcfuse/pb/shared.pb.go:776.41,778.34 2 0
github.com/chiyutianyi/grpcfuse/pb/shared.pb.go:778.34,780.4 1 0
github.com/chiyutianyi/grpcfuse/pb/shared.pb.go:781.3,781.12 1 0
github.com/chiyutianyi/grpcfuse/pb/shared.pb.go:783.2,783.24 1 0
github.com/chiyutianyi/grpcfuse/pb/shared.pb.go:787.45,789.2 1 0
github.com/chiyutianyi/grpcfuse/pb/shared.pb.go:791.40,792.14 1 0
github.com/chiyutianyi/grpcfuse/pb/shared.pb.go:792.14,794.3 1 0
github.com/chiyutianyi/grpcfuse/pb/shared.pb.go:795.2,795.12 1 0
github.com/chiyutianyi/grpcfuse/pb/shared.pb.go:798.33,799.14 1 0
github.com/chiyutianyi/grpcfuse/pb/shared.pb.go:799.14,801.3 1 0
github.com/chiyutianyi/grpcfuse/pb/shared.pb.go:802.2,802.10 1 0
github.com/chiyutianyi/grpcfuse/pb/shared.pb.go:805.37,806.14 1 0
github.com/chiyutianyi/grpcfuse/pb/shared.pb.go:806.14,808.3 1 0
github.com/chiyutianyi/grpcfuse/pb/shared.pb.go:809.2,809.10 1 0
github.com/chiyutianyi/grpcfuse/pb/shared.pb.go:812.35,813.14 1 0
github.com/chiyutianyi/grpcfuse/pb/shared.pb.go:813.14,815.3 1 0
github.com/chiyutianyi/grpcfuse/pb/shared.pb.go:816.2,816.10 1 0
github.com/chiyutianyi/grpcfuse/pb/shared.pb.go:819.40,820.14 1 0
github.com/chiyutianyi/grpcfuse/pb/shared.pb.go:820.14,822.3 1 0
github.com/chiyutianyi/grpcfuse/pb/shared.pb.go:823.2,823.10 1 0
github.com/chiyutianyi/grpcfuse/pb/shared.pb.go:826.40,827.14 1 0
github.com/chiyutianyi/grpcfuse/pb/shared.pb.go:827.14,829.3 1 0
github.com/chiyutianyi/grpcfuse/pb/shared.pb.go:830.2,830.10 1 0
github.com/chiyutianyi/grpcfuse/pb/shared.pb.go:833.36,834.14 1 0
github.com/chiyutianyi/grpcfuse/pb/shared.pb.go:834.14,836.3 1 0
github.com/chiyutianyi/grpcfuse/pb/shared.pb.go:837.2,837.10 1 0
github.com/chiyutianyi/grpcfuse/pb/shared.pb.go:840.38,841.14 1 0
github.com/chiyutianyi/grpcfuse/pb/shared.pb.go:841.14,843.3 1 0
github.com/chiyutianyi/grpcfuse/pb/shared.pb.go:844.2,844.10 1 0
github.com/chiyutianyi/grpcfuse/pb/shared.pb.go:858.28,860.29 2 0
github.com/chiyutianyi/grpcfuse/pb/shared.pb.go:860.29,864.3 3 0
github.com/chiyutianyi/grpcfuse/pb/shared.pb.go:867.36,869.2 1 0
github.com/chiyutianyi/grpcfuse/pb/shared.pb.go:871.34,871.35 0 0
github.com/chiyutianyi/grpcfuse/pb/shared.pb.go:873.56,875.41 2 0
github.com/chiyutianyi/grpcfuse/pb/shared.pb.go:875.41,877.34 2 0
github.com/chiyutianyi/grpcfuse/pb/shared.pb.go:877.34,879.4 1 0
github.com/chiyutianyi/grpcfuse/pb/shared.pb.go:880.3,880.12 1 0
github.com/chiyutianyi/grpcfuse/pb/shared.pb.go:882.2,882.24 1 0
github.com/chiyutianyi/grpcfuse/pb/shared.pb.go:886.47,888.2 1 0
github.com/chiyutianyi/grpcfuse/pb/shared.pb.go:890.38,891.14 1 0
github.com/chiyutianyi/grpcfuse/pb/shared.pb.go:891.14,893.3 1 0
github.com/chiyutianyi/grpcfuse/pb/shared.pb.go:894.2,894.10 1 0
github.com/chiyutianyi/grpcfuse/pb/shared.pb.go:897.36,898.14 1 0
github.com/chiyutianyi/grpcfuse/pb/shared.pb.go:898.14,900.3 1 0
github.com/chiyutianyi/grpcfuse/pb/shared.pb.go:901.2,901.10 1 0
github.com/chiyutianyi/grpcfuse/pb/shared.pb.go:904.37,905.14 1 0
github.com/chiyutianyi/grpcfuse/pb/shared.pb.go:905.14,907.3 1 0
github.com/chiyutianyi/grpcfuse/pb/shared.pb.go:908.2,908.10 1 0
github.com/chiyutianyi/grpcfuse/pb/shared.pb.go:911.36,912.14 1 0
github.com/chiyutianyi/grpcfuse/pb/shared.pb.go:912.14,914.3 1 0
github.com/chiyutianyi/grpcfuse/pb/shared.pb.go:915.2,915.10 1 0
github.com/chiyutianyi/grpcfuse/pb/shared.pb.go:928.28,930.29 2 0
github.com/chiyutianyi/grpcfuse/pb/shared.pb.go:930.29,934.3 3 0
github.com/chiyutianyi/grpcfuse/pb/shared.pb.go:937.36,939.2 1 0
github.com/chiyutianyi/grpcfuse/pb/shared.pb.go:941.34,941.35 0 0
github.com/chiyutianyi/grpcfuse/pb/shared.pb.go:943.56,945.41 2 0
github.com/chiyutianyi/grpcfuse/pb/shared.pb.go:945.41,947.34 2 0
github.com/chiyutianyi/grpcfuse/pb/shared.pb.go:947.34,949.4 1 0
github.com/chiyutianyi/grpcfuse/pb/shared.pb.go:950.3,950.12 1 0
github.com/chiyutianyi/grpcfuse/pb/shared.pb.go:952.2,952.24 1 0
github.com/chiyutianyi/grpcfuse/pb/shared.pb.go:956.47,958.2 1 0
github.com/chiyutianyi/grpcfuse/pb/shared.pb.go:960.37,961.14 1 0
github.com/chiyutianyi/grpcfuse/pb/shared.pb.go:961.14,963.3 1 0
github.com/chiyutianyi/grpcfuse/pb/shared.pb.go:964.2,964.10 1 0
github.com/chiyutianyi/grpcfuse/pb/shared.pb.go:967.36,968.14 1 0
github.com/chiyutianyi/grpcfuse/pb/shared.pb.go:968.14,970.3 1 0
github.com/chiyutianyi/grpcfuse/pb/shared.pb.go:971.2,971.10 1 0
github.com/chiyutianyi/grpcfuse/pb/shared.pb.go:974.37,975.14 1 0
github.com/chiyutianyi/grpcfuse/pb/shared.pb.go:975.14,977.3 1 0
github.com/chiyutianyi/grpcfuse/pb/shared.pb.go:978.2,978.12 1 0
github.com/chiyutianyi/grpcfuse/pb/shared.pb.go:1103.45,1104.42 1 0
github.com/chiyutianyi/grpcfuse/pb/shared.pb.go:1104.42,1106.3 1 0
github.com/chiyutianyi/grpcfuse/pb/shared.pb.go:1107.2,1107.38 1 0
github.com/chiyutianyi/grpcfuse/pb/shared.pb.go:1140.13,1140.41 1 0
github.com/chiyutianyi/grpcfuse/pb/shared.pb.go:1141.31,1142.30 1 0
github.com/chiyutianyi/grpcfuse/pb/shared.pb.go:1142.30,1144.3 1 0
github.com/chiyutianyi/grpcfuse/pb/shared.pb.go:1145.2,1145.30 1 0
github.com/chiyutianyi/grpcfuse/pb/shared.pb.go:1145.30,1146.83 1 0
github.com/chiyutianyi/grpcfuse/pb/shared.pb.go:1146.83,1147.31 1 0
github.com/chiyutianyi/grpcfuse/pb/shared.pb.go:1148.11,1149.20 1 0
github.com/chiyutianyi/grpcfuse/pb/shared.pb.go:1150.11,1151.24 1 0
github.com/chiyutianyi/grpcfuse/pb/shared.pb.go:1152.11,1153.28 1 0
github.com/chiyutianyi/grpcfuse/pb/shared.pb.go:1154.12,1155.15 1 0
github.com/chiyutianyi/grpcfuse/pb/shared.pb.go:1158.3,1158.83 1 0
github.com/chiyutianyi/grpcfuse/pb/shared.pb.go:1158.83,1159.30 1 0
github.com/chiyutianyi/grpcfuse/pb/shared.pb.go:1160.11,1161.20 1 0
github.com/chiyutianyi/grpcfuse/pb/shared.pb.go:1162.11,1163.24 1 0
github.com/chiyutianyi/grpcfuse/pb/shared.pb.go:1164.11,1165.28 1 0
github.com/chiyutianyi/grpcfuse/pb/shared.pb.go:1166.12,1167.15 1 0
github.com/chiyutianyi/grpcfuse/pb/shared.pb.go:1170.3,1170.83 1 0
github.com/chiyutianyi/grpcfuse/pb/shared.pb.go:1170.83,1171.31 1 0
github.com/chiyutianyi/grpcfuse/pb/shared.pb.go:1172.11,1173.20 1 0
github.com/chiyutianyi/grpcfuse/pb/shared.pb.go:1174.11,1175.24 1 0
github.com/chiyutianyi/grpcfuse/pb/shared.pb.go:1176.11,1177.28 1 0
github.com/chiyutianyi/grpcfuse/pb/shared.pb.go:1178.12,1179.15 1 0
github.com/chiyutianyi/grpcfuse/pb/shared.pb.go:1182.3,1182.83 1 0
github.com/chiyutianyi/grpcfuse/pb/shared.pb.go:1182.83,1183.33 1 0
github.com/chiyutianyi/grpcfuse/pb/shared.pb.go:1184.11,1185.20 1 0
github.com/chiyutianyi/grpcfuse/pb/shared.pb.go:1186.11,1187.24 1 0
github.com/chiyutianyi/grpcfuse/pb/shared.pb.go:1188.11,1189.28 1 0
github.com/chiyutianyi/grpcfuse/pb/shared.pb.go:1190.12,1191.15 1 0
github.com/chiyutianyi/grpcfuse/pb/shared.pb.go:1194.3,1194.83 1 0
github.com/chiyutianyi/grpcfuse/pb/shared.pb.go:1194.83,1195.29 1 0
github.com/chiyutianyi/grpcfuse/pb/shared.pb.go:1196.11,1197.20 1 0
github.com/chiyutianyi/grpcfuse/pb/shared.pb.go:1198.11,1199.24 1 0
github.com/chiyutianyi/grpcfuse/pb/shared.pb.go:1200.11,1201.28 1 0
github.com/chiyutianyi/grpcfuse/pb/shared.pb.go:1202.12,1203.15 1 0
github.com/chiyutianyi/grpcfuse/pb/shared.pb.go:1206.3,1206.83 1 0
github.com/chiyutianyi/grpcfuse/pb/shared.pb.go:1206.83,1207.32 1 0
github.com/chiyutianyi/grpcfuse/pb/shared.pb.go:1208.11,1209.20 1 0
github.com/chiyutianyi/grpcfuse/pb/shared.pb.go:1210.11,1211.24 1 0
github.com/chiyutianyi/grpcfuse/pb/shared.pb.go:1212.11,1213.28 1 0
github.com/chiyutianyi/grpcfuse/pb/shared.pb.go:1214.12,1215.15 1 0
github.com/chiyutianyi/grpcfuse/pb/shared.pb.go:1218.3,1218.83 1 0
github.com/chiyutianyi/grpcfuse/pb/shared.pb.go:1218.83,1219.33 1 0
github.com/chiyutianyi/grpcfuse/pb/shared.pb.go:1220.11,1221.20 1 0
github.com/chiyutianyi/grpcfuse/pb/shared.pb.go:1222.11,1223.24 1 0
github.com/chiyutianyi/grpcfuse/pb/shared.pb.go:1224.11,1225.28 1 0
github.com/chiyutianyi/grpcfuse/pb/shared.pb.go:1226.12,1227.15 1 0
github.com/chiyutianyi/grpcfuse/pb/shared.pb.go:1230.3,1230.83 1 0
github.com/chiyutianyi/grpcfuse/pb/shared.pb.go:1230.83,1231.31 1 0
github.com/chiyutianyi/grpcfuse/pb/shared.pb.go:1232.11,1233.20 1 0
github.com/chiyutianyi/grpcfuse/pb/shared.pb.go:1234.11,1235.24 1 0
github.com/chiyutianyi/grpcfuse/pb/shared.pb.go:1236.11,1237.28 1 0
github.com/chiyutianyi/grpcfuse/pb/shared.pb.go:1238.12,1239.15 1 0
github.com/chiyutianyi/grpcfuse/pb/shared.pb.go:1242.3,1242.83 1 0
github.com/chiyutianyi/grpcfuse/pb/shared.pb.go:1242.83,1243.32 1 0
github.com/chiyutianyi/grpcfuse/pb/shared.pb.go:1244.11,1245.20 1 0
github.com/chiyutianyi/grpcfuse/pb/shared.pb.go:1246.11,1247.24 1 0
github.com/chiyutianyi/grpcfuse/pb/shared.pb.go:1248.11,1249.28 1 0
github.com/chiyutianyi/grpcfuse/pb/shared.pb.go:1250.12,1251.15 1 0
github.com/chiyutianyi/grpcfuse/pb/shared.pb.go:1254.3,1254.83 1 0
github.com/chiyutianyi/grpcfuse/pb/shared.pb.go:1254.83,1255.31 1 0
github.com/chiyutianyi/grpcfuse/pb/shared.pb.go:1256.11,1257.20 1 0
github.com/chiyutianyi/grpcfuse/pb/shared.pb.go:1258.11,1259.24 1 0
github.com/chiyutianyi/grpcfuse/pb/shared.pb.go:1260.11,1261.28 1 0
github.com/chiyutianyi/grpcfuse/pb/shared.pb.go:1262.12,1263.15 1 0
github.com/chiyutianyi/grpcfuse/pb/shared.pb.go:1266.3,1266.84 1 0
github.com/chiyutianyi/grpcfuse/pb/shared.pb.go:1266.84,1267.33 1 0
github.com/chiyutianyi/grpcfuse/pb/shared.pb.go:1268.11,1269.20 1 0
github.com/chiyutianyi/grpcfuse/pb/shared.pb.go:1270.11,1271.24 1 0
github.com/chiyutianyi/grpcfuse/pb/shared.pb.go:1272.11,1273.28 1 0
github.com/chiyutianyi/grpcfuse/pb/shared.pb.go:1274.12,1275.15 1 0
github.com/chiyutianyi/grpcfuse/pb/shared.pb.go:1278.3,1278.84 1 0
github.com/chiyutianyi/grpcfuse/pb/shared.pb.go:1278.84,1279.33 1 0
github.com/chiyutianyi/grpcfuse/pb/shared.pb.go:1280.11,1281.20 1 0
github.com/chiyutianyi/grpcfuse/pb/shared.pb.go:1282.11,1283.24 1 0
github.com/chiyutianyi/grpcfuse/pb/shared.pb.go:1284.11,1285.28 1 0
github.com/chiyutianyi/grpcfuse/pb/shared.pb.go:1286.12,1287.15 1 0
github.com/chiyutianyi/grpcfuse/pb/shared.pb.go:1291.2,1308.33 6 0
github.com/chiyutianyi/grpcfuse/pkg/utils/utils.go:24.56,25.15 1 1
github.com/chiyutianyi/grpcfuse/pkg/utils/utils.go:25.15,27.3 1 1
github.com/chiyutianyi/grpcfuse/pkg/utils/utils.go:28.2,28.21 1 1
github.com/chiyutianyi/grpcfuse/pkg/utils/utils.go:28.21,31.3 2 1
github.com/chiyutianyi/grpcfuse/pkg/utils/utils.go:32.2,33.16 2 1
github.com/chiyutianyi/grpcfuse/pkg/utils/utils.go:33.16,35.3 1 1
github.com/chiyutianyi/grpcfuse/pkg/utils/utils.go:36.2,36.8 1 1
github.com/chiyutianyi/grpcfuse/fuse2grpc/access.go:31.97,41.23 5 1
github.com/chiyutianyi/grpcfuse/fuse2grpc/access.go:41.23,43.3 1 1
github.com/chiyutianyi/grpcfuse/fuse2grpc/access.go:44.2,44.69 1 1
github.com/chiyutianyi/grpcfuse/fuse2grpc/attributes.go:31.100,42.23 5 0
github.com/chiyutianyi/grpcfuse/fuse2grpc/attributes.go:42.23,44.3 1 0
github.com/chiyutianyi/grpcfuse/fuse2grpc/attributes.go:45.2,45.19 1 0
github.com/chiyutianyi/grpcfuse/fuse2grpc/attributes.go:45.19,47.3 1 0
github.com/chiyutianyi/grpcfuse/fuse2grpc/attributes.go:48.2,55.8 1 0
github.com/chiyutianyi/grpcfuse/fuse2grpc/attributes.go:58.100,94.23 5 0
github.com/chiyutianyi/grpcfuse/fuse2grpc/attributes.go:94.23,96.3 1 0
github.com/chiyutianyi/grpcfuse/fuse2grpc/attributes.go:97.2,97.19 1 0
github.com/chiyutianyi/grpcfuse/fuse2grpc/attributes.go:97.19,99.3 1 0
github.com/chiyutianyi/grpcfuse/fuse2grpc/attributes.go:100.2,105.8 1 0
github.com/chiyutianyi/grpcfuse/fuse2grpc/bufferpool.go:23.56,26.75 2 1
github.com/chiyutianyi/grpcfuse/fuse2grpc/bufferpool.go:26.75,30.3 3 1
github.com/chiyutianyi/grpcfuse/fuse2grpc/bufferpool.go:31.2,38.75 4 1
github.com/chiyutianyi/grpcfuse/fuse2grpc/bufferpool.go:38.75,40.3 1 0
github.com/chiyutianyi/grpcfuse/fuse2grpc/bufferpool.go:42.2,42.41 1 1
github.com/chiyutianyi/grpcfuse/fuse2grpc/bufferpool.go:42.41,44.3 1 1
github.com/chiyutianyi/grpcfuse/fuse2grpc/bufferpool.go:45.2,45.39 1 1
github.com/chiyutianyi/grpcfuse/fuse2grpc/bufferpool.go:45.39,47.28 1 1
github.com/chiyutianyi/grpcfuse/fuse2grpc/bufferpool.go:47.28,47.71 1 1
github.com/chiyutianyi/grpcfuse/fuse2grpc/bufferpool.go:50.2,50.35 1 1
github.com/chiyutianyi/grpcfuse/fuse2grpc/bufferpool.go:55.54,57.19 2 1
github.com/chiyutianyi/grpcfuse/fuse2grpc/bufferpool.go:57.19,59.3 1 1
github.com/chiyutianyi/grpcfuse/fuse2grpc/bufferpool.go:61.2,61.22 1 1
github.com/chiyutianyi/grpcfuse/fuse2grpc/bufferpool.go:61.22,63.3 1 1
github.com/chiyutianyi/grpcfuse/fuse2grpc/bufferpool.go:64.2,67.17 3 1
github.com/chiyutianyi/grpcfuse/fuse2grpc/bufferpool.go:73.47,74.18 1 1
github.com/chiyutianyi/grpcfuse/fuse2grpc/bufferpool.go:74.18,76.3 1 1
github.com/chiyutianyi/grpcfuse/fuse2grpc/bufferpool.go:77.2,77.49 1 1
github.com/chiyutianyi/grpcfuse/fuse2grpc/bufferpool.go:77.49,79.3 1 1
github.com/chiyutianyi/grpcfuse/fuse2grpc/bufferpool.go:80.2,83.29 3 1
github.com/chiyutianyi/grpcfuse/fuse2grpc/bufferpool.go:92.64,94.2 1 0
github.com/chiyutianyi/grpcfuse/fuse2grpc/bufferpool.go:97.55,99.2 1 0
github.com/chiyutianyi/grpcfuse/fuse2grpc/copy_file_range.go:31.118,48.23 5 0
github.com/chiyutianyi/grpcfuse/fuse2grpc/copy_file_range.go:48.23,50.3 1 0
github.com/chiyutianyi/grpcfuse/fuse2grpc/copy_file_range.go:51.2,51.93 1 0
github.com/chiyutianyi/grpcfuse/fuse2grpc/directory_handlers.go:34.100,47.23 5 0
github.com/chiyutianyi/grpcfuse/fuse2grpc/directory_handlers.go:47.23,49.3 1 0
github.com/chiyutianyi/grpcfuse/fuse2grpc/directory_handlers.go:50.2,50.19 1 0
github.com/chiyutianyi/grpcfuse/fuse2grpc/directory_handlers.go:50.19,52.3 1 0
github.com/chiyutianyi/grpcfuse/fuse2grpc/directory_handlers.go:53.2,60.8 1 0
github.com/chiyutianyi/grpcfuse/fuse2grpc/directory_handlers.go:69.9,100.23 9 1
github.com/chiyutianyi/grpcfuse/fuse2grpc/directory_handlers.go:100.23,102.3 1 0
github.com/chiyutianyi/grpcfuse/fuse2grpc/directory_handlers.go:104.2,104.19 1 1
github.com/chiyutianyi/grpcfuse/fuse2grpc/directory_handlers.go:104.19,107.3 2 0
github.com/chiyutianyi/grpcfuse/fuse2grpc/directory_handlers.go:109.2,109.28 1 1
github.com/chiyutianyi/grpcfuse/fuse2grpc/directory_handlers.go:109.28,110.22 1 1
github.com/chiyutianyi/grpcfuse/fuse2grpc/directory_handlers.go:110.22,112.4 1 0
github.com/chiyutianyi/grpcfuse/fuse2grpc/directory_handlers.go:113.3,116.18 1 1
github.com/chiyutianyi/grpcfuse/fuse2grpc/directory_handlers.go:116.18,118.4 1 0
github.com/chiyutianyi/grpcfuse/fuse2grpc/directory_handlers.go:119.3,119.13 1 1
github.com/chiyutianyi/grpcfuse/fuse2grpc/directory_handlers.go:122.2,125.6 3 1
github.com/chiyutianyi/grpcfuse/fuse2grpc/directory_handlers.go:125.6,126.62 1 1
github.com/chiyutianyi/grpcfuse/fuse2grpc/directory_handlers.go:126.62,127.9 1 1
github.com/chiyutianyi/grpcfuse/fuse2grpc/directory_handlers.go:130.3,133.17 3 1
github.com/chiyutianyi/grpcfuse/fuse2grpc/directory_handlers.go:133.17,134.9 1 0
github.com/chiyutianyi/grpcfuse/fuse2grpc/directory_handlers.go:137.3,138.43 2 1
github.com/chiyutianyi/grpcfuse/fuse2grpc/directory_handlers.go:138.43,139.38 1 0
github.com/chiyutianyi/grpcfuse/fuse2grpc/directory_handlers.go:139.38,141.5 1 0
github.com/chiyutianyi/grpcfuse/fuse2grpc/directory_handlers.go:142.4,143.17 2 0
github.com/chiyutianyi/grpcfuse/fuse2grpc/directory_handlers.go:145.3,151.42 5 1
github.com/chiyutianyi/grpcfuse/fuse2grpc/directory_handlers.go:153.2,153.21 1 1
github.com/chiyutianyi/grpcfuse/fuse2grpc/directory_handlers.go:153.21,155.3 1 0
github.com/chiyutianyi/grpcfuse/fuse2grpc/directory_handlers.go:156.2,156.20 1 1
github.com/chiyutianyi/grpcfuse/fuse2grpc/directory_handlers.go:159.95,161.2 1 1
github.com/chiyutianyi/grpcfuse/fuse2grpc/directory_handlers.go:163.32,166.2 1 1
github.com/chiyutianyi/grpcfuse/fuse2grpc/directory_handlers.go:168.103,170.2 1 0
github.com/chiyutianyi/grpcfuse/fuse2grpc/directory_handlers.go:172.98,186.2 5 0
github.com/chiyutianyi/grpcfuse/fuse2grpc/directory_handlers.go:188.97,201.23 5 0
github.com/chiyutianyi/grpcfuse/fuse2grpc/directory_handlers.go:201.23,203.3 1 0
github.com/chiyutianyi/grpcfuse/fuse2grpc/directory_handlers.go:204.2,204.68 1 0
github.com/chiyutianyi/grpcfuse/fuse2grpc/fallocate.go:31.106,46.23 5 0
github.com/chiyutianyi/grpcfuse/fuse2grpc/fallocate.go:46.23,48.3 1 0
github.com/chiyutianyi/grpcfuse/fuse2grpc/fallocate.go:49.2,49.72 1 0
github.com/chiyutianyi/grpcfuse/fuse2grpc/file_handlers.go:31.97,45.23 5 1
github.com/chiyutianyi/grpcfuse/fuse2grpc/file_handlers.go:45.23,47.3 1 0
github.com/chiyutianyi/grpcfuse/fuse2grpc/file_handlers.go:48.2,48.19 1 1
github.com/chiyutianyi/grpcfuse/fuse2grpc/file_handlers.go:48.19,50.3 1 1
github.com/chiyutianyi/grpcfuse/fuse2grpc/file_handlers.go:51.2,59.8 1 1
github.com/chiyutianyi/grpcfuse/fuse2grpc/file_handlers.go:62.91,75.23 5 0
github.com/chiyutianyi/grpcfuse/fuse2grpc/file_handlers.go:75.23,77.3 1 0
github.com/chiyutianyi/grpcfuse/fuse2grpc/file_handlers.go:78.2,78.19 1 0
github.com/chiyutianyi/grpcfuse/fuse2grpc/file_handlers.go:78.19,80.3 1 0
github.com/chiyutianyi/grpcfuse/fuse2grpc/file_handlers.go:81.2,88.8 1 0
github.com/chiyutianyi/grpcfuse/fuse2grpc/file_handlers.go:91.86,120.23 8 1
github.com/chiyutianyi/grpcfuse/fuse2grpc/file_handlers.go:120.23,122.3 1 0
github.com/chiyutianyi/grpcfuse/fuse2grpc/file_handlers.go:124.2,124.19 1 1
github.com/chiyutianyi/grpcfuse/fuse2grpc/file_handlers.go:124.19,127.3 2 0
github.com/chiyutianyi/grpcfuse/fuse2grpc/file_handlers.go:129.2,131.19 2 1
github.com/chiyutianyi/grpcfuse/fuse2grpc/file_handlers.go:131.19,134.3 2 0
github.com/chiyutianyi/grpcfuse/fuse2grpc/file_handlers.go:136.2,136.28 1 1
github.com/chiyutianyi/grpcfuse/fuse2grpc/file_handlers.go:136.28,137.19 1 1
github.com/chiyutianyi/grpcfuse/fuse2grpc/file_handlers.go:137.19,139.4 1 0
github.com/chiyutianyi/grpcfuse/fuse2grpc/file_handlers.go:140.3,143.18 1 1
github.com/chiyutianyi/grpcfuse/fuse2grpc/file_handlers.go:143.18,145.4 1 0
github.com/chiyutianyi/grpcfuse/fuse2grpc/file_handlers.go:146.3,146.13 1 1
github.com/chiyutianyi/grpcfuse/fuse2grpc/file_handlers.go:149.2,149.6 1 1
github.com/chiyutianyi/grpcfuse/fuse2grpc/file_handlers.go:149.6,150.43 1 1
github.com/chiyutianyi/grpcfuse/fuse2grpc/file_handlers.go:150.43,153.9 3 1
github.com/chiyutianyi/grpcfuse/fuse2grpc/file_handlers.go:156.3,158.14 3 1
github.com/chiyutianyi/grpcfuse/fuse2grpc/file_handlers.go:160.2,160.12 1 1
github.com/chiyutianyi/grpcfuse/fuse2grpc/file_handlers.go:162.94,177.23 5 0
github.com/chiyutianyi/grpcfuse/fuse2grpc/file_handlers.go:177.23,179.3 1 0
github.com/chiyutianyi/grpcfuse/fuse2grpc/file_handlers.go:180.2,180.19 1 0
github.com/chiyutianyi/grpcfuse/fuse2grpc/file_handlers.go:180.19,182.3 1 0
github.com/chiyutianyi/grpcfuse/fuse2grpc/file_handlers.go:183.2,186.8 1 0
github.com/chiyutianyi/grpcfuse/fuse2grpc/forget.go:29.93,36.2 3 0
github.com/chiyutianyi/grpcfuse/fuse2grpc/fsync.go:31.94,44.23 5 0
github.com/chiyutianyi/grpcfuse/fuse2grpc/fsync.go:44.23,46.3 1 0
github.com/chiyutianyi/grpcfuse/fuse2grpc/fsync.go:47.2,47.68 1 0
github.com/chiyutianyi/grpcfuse/fuse2grpc/helper.go:25.58,34.2 8 1
github.com/chiyutianyi/grpcfuse/fuse2grpc/helper.go:36.51,46.2 1 1
github.com/chiyutianyi/grpcfuse/fuse2grpc/helper.go:50.36,52.2 1 1
github.com/chiyutianyi/grpcfuse/fuse2grpc/helper_linux.go:25.39,46.2 1 1
github.com/chiyutianyi/grpcfuse/fuse2grpc/link.go:31.91,44.23 5 0
github.com/chiyutianyi/grpcfuse/fuse2grpc/link.go:44.23,46.3 1 0
github.com/chiyutianyi/grpcfuse/fuse2grpc/link.go:47.2,47.97 1 0
github.com/chiyutianyi/grpcfuse/fuse2grpc/link.go:50.100,63.23 5 0
github.com/chiyutianyi/grpcfuse/fuse2grpc/link.go:63.23,65.3 1 0
github.com/chiyutianyi/grpcfuse/fuse2grpc/link.go:66.2,66.100 1 0
github.com/chiyutianyi/grpcfuse/fuse2grpc/link.go:69.103,79.23 5 0
github.com/chiyutianyi/grpcfuse/fuse2grpc/link.go:79.23,81.3 1 0
github.com/chiyutianyi/grpcfuse/fuse2grpc/link.go:82.2,82.81 1 0
github.com/chiyutianyi/grpcfuse/fuse2grpc/lock.go:32.91,64.23 5 0
github.com/chiyutianyi/grpcfuse/fuse2grpc/lock.go:64.23,66.3 1 0
github.com/chiyutianyi/grpcfuse/fuse2grpc/lock.go:67.2,67.159 1 0
github.com/chiyutianyi/grpcfuse/fuse2grpc/lock.go:70.91,72.2 1 0
github.com/chiyutianyi/grpcfuse/fuse2grpc/lock.go:74.92,76.2 1 0
github.com/chiyutianyi/grpcfuse/fuse2grpc/lock.go:82.46,112.23 5 0
github.com/chiyutianyi/grpcfuse/fuse2grpc/lock.go:112.23,114.3 1 0
github.com/chiyutianyi/grpcfuse/fuse2grpc/lock.go:115.2,115.68 1 0
github.com/chiyutianyi/grpcfuse/fuse2grpc/lookup.go:31.97,43.23 5 0
github.com/chiyutianyi/grpcfuse/fuse2grpc/lookup.go:43.23,45.3 1 0
github.com/chiyutianyi/grpcfuse/fuse2grpc/lookup.go:46.2,46.19 1 0
github.com/chiyutianyi/grpcfuse/fuse2grpc/lookup.go:46.19,48.3 1 0
github.com/chiyutianyi/grpcfuse/fuse2grpc/lookup.go:49.2,60.8 1 0
github.com/chiyutianyi/grpcfuse/fuse2grpc/modifying_structure.go:31.94,45.23 5 0
github.com/chiyutianyi/grpcfuse/fuse2grpc/modifying_structure.go:45.23,47.3 1 0
github.com/chiyutianyi/grpcfuse/fuse2grpc/modifying_structure.go:48.2,48.98 1 0
github.com/chiyutianyi/grpcfuse/fuse2grpc/modifying_structure.go:51.97,62.23 5 0
github.com/chiyutianyi/grpcfuse/fuse2grpc/modifying_structure.go:62.23,64.3 1 0
github.com/chiyutianyi/grpcfuse/fuse2grpc/modifying_structure.go:65.2,65.69 1 0
github.com/chiyutianyi/grpcfuse/fuse2grpc/modifying_structure.go:68.94,79.23 5 0
github.com/chiyutianyi/grpcfuse/fuse2grpc/modifying_structure.go:79.23,81.3 1 0
github.com/chiyutianyi/grpcfuse/fuse2grpc/modifying_structure.go:82.2,82.68 1 0
github.com/chiyutianyi/grpcfuse/fuse2grpc/modifying_structure.go:85.97,99.23 5 0
github.com/chiyutianyi/grpcfuse/fuse2grpc/modifying_structure.go:99.23,101.3 1 0
github.com/chiyutianyi/grpcfuse/fuse2grpc/modifying_structure.go:102.2,102.69 1 0
github.com/chiyutianyi/grpcfuse/fuse2grpc/modifying_structure_linux.go:31.94,46.23 5 0
github.com/chiyutianyi/grpcfuse/fuse2grpc/modifying_structure_linux.go:46.23,48.3 1 0
github.com/chiyutianyi/grpcfuse/fuse2grpc/modifying_structure_linux.go:49.2,49.98 1 0
github.com/chiyutianyi/grpcfuse/fuse2grpc/release.go:32.95,47.2 5 0
github.com/chiyutianyi/grpcfuse/fuse2grpc/release.go:49.94,63.23 5 0
github.com/chiyutianyi/grpcfuse/fuse2grpc/release.go:63.23,65.3 1 0
github.com/chiyutianyi/grpcfuse/fuse2grpc/release.go:66.2,66.68 1 0
github.com/chiyutianyi/grpcfuse/fuse2grpc/server.go:42.47,44.2 1 1
github.com/chiyutianyi/grpcfuse/fuse2grpc/server.go:46.53,48.2 1 1
github.com/chiyutianyi/grpcfuse/fuse2grpc/server.go:50.97,53.2 2 1
github.com/chiyutianyi/grpcfuse/fuse2grpc/stat_fs.go:31.97,42.23 5 0
github.com/chiyutianyi/grpcfuse/fuse2grpc/stat_fs.go:42.23,44.3 1 0
github.com/chiyutianyi/grpcfuse/fuse2grpc/stat_fs.go:45.2,45.19 1 0
github.com/chiyutianyi/grpcfuse/fuse2grpc/stat_fs.go:45.19,47.3 1 0
github.com/chiyutianyi/grpcfuse/fuse2grpc/stat_fs.go:48.2,58.8 1 0
github.com/chiyutianyi/grpcfuse/fuse2grpc/write_linux.go:31.94,46.23 5 0
github.com/chiyutianyi/grpcfuse/fuse2grpc/write_linux.go:46.23,48.3 1 0
github.com/chiyutianyi/grpcfuse/fuse2grpc/write_linux.go:49.2,49.85 1 0
github.com/chiyutianyi/grpcfuse/fuse2grpc/xattr.go:31.103,43.23 5 0
github.com/chiyutianyi/grpcfuse/fuse2grpc/xattr.go:43.23,45.3 1 0
github.com/chiyutianyi/grpcfuse/fuse2grpc/xattr.go:46.2,46.81 1 0
github.com/chiyutianyi/grpcfuse/fuse2grpc/xattr.go:49.106,60.23 5 0
github.com/chiyutianyi/grpcfuse/fuse2grpc/xattr.go:60.23,62.3 1 0
github.com/chiyutianyi/grpcfuse/fuse2grpc/xattr.go:63.2,63.82 1 0
github.com/chiyutianyi/grpcfuse/fuse2grpc/xattr.go:66.112,77.23 5 0
github.com/chiyutianyi/grpcfuse/fuse2grpc/xattr.go:77.23,79.3 1 0
github.com/chiyutianyi/grpcfuse/fuse2grpc/xattr.go:80.2,80.74 1 0
github.com/chiyutianyi/grpcfuse/fuse2grpc/xattr_linux.go:31.103,44.23 5 0
github.com/chiyutianyi/grpcfuse/fuse2grpc/xattr_linux.go:44.23,46.3 1 0
github.com/chiyutianyi/grpcfuse/fuse2grpc/xattr_linux.go:47.2,47.71 1 0
